,roundness,perimeter_ratio_to_diameter,compactness,eccentricity,aspect_ratio,rectangularity,narrow_factor,perimeter_ratio_major_minor,hu_1,hu_2,hu_3,hu_4,hu_5,hu_6,hu7,mean_R,mean_G,mean_B,std_R,std_G,std_B,skewness_R,skewness_G,skewness_B,kurtosis_R,kurtosis_G,kurtosis_B,contrast,correlation,energy,homogeneity
0,0.41133,3.3164,5.5273,0.8126,1.7158,0.77171,1.1177,2.3419,0.18616,0.008419,1.2e-05,3e-06,0.0,0.0,0.0,80.476,82.244,12.056,16.304000000000002,16.722,17.614,-0.025335,-0.23233,1.7258,5.2513,5.3833,6.1175,0.13438,0.98785,0.26267,0.93733
1,0.44937,3.4332,5.2881,0.72838,1.4595,0.76203,1.113,2.2675,0.1759,0.004033,2e-06,0.0,0.0,0.0,0.0,77.506,81.73899999999998,4.2004,20.321,20.16,12.049,-0.25257,-0.25588,3.8261,4.1055,3.9133,20.501,0.12946,0.98901,0.23932,0.93908
2,0.42581,3.4696,5.4325,0.7838,1.6103,0.77609,1.087,2.3266,0.17969000000000002,0.006347,8.9e-05,8e-06,0.0,1e-06,0.0,85.25200000000002,87.948,23.688,18.431,18.834,23.184,-0.20159,-0.30681,0.6532899999999999,3.9424,3.9278,2.4718,0.12859,0.98824,0.23973000000000005,0.93891
3,0.46514,3.2588,5.1977,0.77664,1.5874,0.7797,1.1178,2.2349,0.17774,0.005891,5e-06,1e-06,0.0,0.0,0.0,81.152,90.5,0.5421,17.62,16.982,5.2577,0.013923,-0.025003,13.511,4.6254,4.3951,222.88,0.13119,0.98733,0.28826,0.9385
4,0.46178,3.1442,5.2166,0.79576,1.6512,0.76804,1.1315,2.2158,0.18365,0.007240000000000002,2.7e-05,7.000000000000002e-06,0.0,1e-06,0.0,86.395,84.73299999999998,22.824,17.463,18.199,24.194000000000006,0.074417,-0.07570199999999999,0.79375,3.7208,3.9286,2.5954,0.14002,0.98762,0.24221,0.93387
5,0.4362,3.2047,5.3674,0.81405,1.7218,0.77389,1.1229,2.2763,0.18596,0.008491,3.8e-05,5e-06,0.0,0.0,0.0,81.483,81.699,26.095,17.147000000000002,17.704,23.199,-0.15846,-0.25016,0.5373399999999999,3.9632,4.0215,2.3307,0.1221,0.9896,0.25346,0.94241
6,0.49397,3.3581,5.0438,0.72143,1.4441,0.77898,1.1032,2.1888,0.17142000000000002,0.003636,1.9e-05,0.0,0.0,0.0,0.0,70.342,76.622,2.2008,17.557000000000002,16.76,9.0379,0.20718000000000006,0.20427,5.8634,5.259,4.8801,47.482,0.16977,0.98573,0.21892,0.9222
7,0.43629,3.2436,5.3668,0.80555,1.6877,0.7671,1.1155,2.272,0.18578,0.007962,0.000146,1.8e-05,0.0,2e-06,0.0,82.555,79.137,26.514,18.631,19.713,25.369,-0.072809,-0.32237,0.56626,3.529,3.8338,2.2543,0.13005,0.98938,0.23403,0.93845
8,0.41465,3.412,5.5051,0.7729,1.5759999999999998,0.75655,1.1179,2.3336,0.18261,0.0060490000000000006,2.8000000000000006e-05,3e-06,0.0,0.0,0.0,87.234,84.152,35.827,16.884,17.96,23.988000000000003,-0.075448,-0.2158,0.091788,4.1079,4.2003,2.266,0.1242,0.98888,0.25308,0.942
9,0.47409,3.301,5.1485,0.77141,1.5715,0.7813100000000001,1.0997,2.2185,0.17661,0.005596,9e-06,1e-06,0.0,0.0,0.0,91.064,92.521,22.131,15.747,16.14,21.162,-0.039806,-0.23178,0.69847,4.587,4.9923,2.7346,0.12452,0.98688,0.26982,0.94075
10,0.41798,3.2782,5.4831,0.81677,1.7332,0.77588,1.1191,2.3264,0.18609,0.008675,7.6e-05,1e-05,0.0,1e-06,0.0,86.965,88.461,19.869,18.813,19.188,24.277,-0.12007,-0.44792,0.9956,3.6794,4.1702,2.9234,0.12460999999999997,0.98864,0.24177,0.9406
11,0.47308,3.0572,5.1539,0.81643,1.7318,0.78023,1.1316,2.193,0.18498,0.00855,3e-06,0.0,0.0,0.0,0.0,86.175,94.842,3.4493,18.49,17.718,9.9996,-0.515,-0.52031,3.9425,4.445,4.3534,22.973000000000006,0.11596,0.98894,0.27402,0.94547
12,0.48415,3.1283,5.0946,0.80862,1.6997,0.77491,1.0996,2.1658,0.18454,0.008034999999999999,0.000104,1.2e-05,0.0,1e-06,0.0,85.29899999999998,85.631,32.549,17.861,18.218,24.58,-0.088947,-0.32615,0.35318,4.2151,4.4908,2.3793,0.12661,0.98819,0.25138,0.94052
13,0.5210100000000001,3.3968,4.9111,0.69755,1.3956,0.78205,1.0823,2.1417,0.1688,0.002945,3e-06,0.0,0.0,0.0,0.0,71.442,74.625,0.94962,17.232,17.557000000000002,6.3057,-0.07509400000000001,-0.018925,9.5401,4.5445,4.3553,116.28,0.152,0.98686,0.22583000000000006,0.92896
14,0.41132,3.0371,5.5273,0.8640000000000001,1.9862,0.77164,1.1344,2.2915,0.20165,0.014422,0.000105,2.7e-05,0.0,3e-06,0.0,79.803,81.566,17.621,17.97,18.19,22.312,-0.071162,-0.145,1.1114,3.7611,3.6671,3.2814,0.14379,0.988,0.23674,0.93188
15,0.48245,3.0478,5.1036,0.8256,1.7723,0.7783,1.1097,2.1621,0.18763,0.00941,2.5e-05,2e-06,0.0,0.0,0.0,84.215,82.542,13.158,16.471,17.305,18.102,-0.41922,-0.5449,1.4053,4.7686,5.1346,4.5685,0.12841,0.98825,0.26923,0.9403
16,0.50364,3.4042,4.9951,0.71935,1.4396,0.77779,1.0786,2.1666,0.1715,0.003583,1e-05,1e-06,0.0,0.0,0.0,86.37,89.476,1.7872,16.319000000000006,17.727,7.8189,0.31117,0.11192,6.8113,4.3522,3.9439,67.021,0.12783,0.98665,0.28786,0.94255
17,0.47542,3.4158,5.1412,0.7104699999999999,1.421,0.78178,1.1164,2.2383,0.16985999999999998,0.003288,4e-06,0.0,0.0,0.0,0.0,83.944,79.62100000000002,13.689,16.052,17.929000000000006,19.078,-0.13463,-0.34491,1.411,3.6089,4.121,4.4018,0.13045,0.98828,0.2571,0.93889
18,0.46959,3.241,5.1731,0.77545,1.5838,0.77577,1.1171,2.2192,0.17847000000000002,0.005887,3.9e-05,4e-06,0.0,0.0,0.0,80.158,77.69,15.977,18.435,19.435,21.756,-0.17085,-0.31368,1.255,4.1146,4.2228,3.6325,0.14418,0.98816,0.22826,0.93242
19,0.53372,2.8696,4.8523,0.8334600000000001,1.8097,0.77699,1.108,2.0479,0.19002,0.010225,2.3e-05,3e-06,0.0,0.0,0.0,83.53200000000002,83.735,19.606,17.38,17.757,21.768,-0.4351600000000001,-0.56703,0.87271,4.4226,4.6967,2.736,0.13433,0.9879,0.25311,0.93668
20,0.45197,3.3356,5.2729,0.78056,1.5998,0.7780100000000001,1.1024,2.2627,0.17873,0.006131,3e-05,3e-06,0.0,0.0,0.0,83.10700000000001,85.01,7.6459,17.622,17.432000000000002,15.704,0.24126,0.22702,2.3894,3.8258,3.7806,8.8945,0.14517,0.98648,0.25485,0.93259
21,0.48198,3.1635,5.1061,0.8035,1.6798,0.77552,1.0967,2.1748,0.18335,0.007639,6.7e-05,1.1e-05,0.0,1e-06,0.0,87.27,87.646,18.041,15.715,16.352,19.354,0.061177,-0.074645,0.95123,5.0437,5.0393,3.3163,0.1237,0.9881,0.28307,0.94318
22,0.43733,3.4645,5.3604,0.7665,1.557,0.77868,1.0942,2.3083,0.17652,0.005391,2e-05,1e-06,0.0,0.0,0.0,90.551,92.713,36.213,16.003,16.253,21.999,0.048398,-0.12153,0.021137,4.7123,4.4458,2.4851,0.12072,0.98783,0.26038,0.9422
23,0.22505,4.7247,7.4726,0.55287,1.2001,0.7246100000000001,1.229,3.1673,0.17538,0.001001,0.000112,1e-06,0.0,0.0,0.0,77.791,78.111,0.7228899999999999,16.977999999999998,16.143,5.7019,0.3455,-0.1071,11.084,5.3971,5.2069,151.07,0.11739,0.99159,0.31191,0.94301
24,0.22265,4.9451,7.5126,0.6587,1.3291,0.71591,1.115,3.1464,0.18172,0.002534,0.000125,1e-06,0.0,0.0,0.0,92.739,100.59,0.37457,17.269000000000002,15.896,4.6838,-0.47399,-0.8534299999999999,18.264,6.0763,6.6237,412.94,0.1299,0.98845,0.28781,0.93723
25,0.24769,4.2860000000000005,7.1228,0.56005,1.2071,0.67675,1.2444,2.9169,0.18799,0.001223,0.000307,6e-06,0.0,0.0,0.0,102.06,94.657,39.52,15.849,16.794,25.104,0.08058,0.087102,-0.015147,5.2895,5.4371,2.268,0.094957,0.99137,0.33421,0.95419
26,0.15947,5.7449,8.8771,0.5807100000000001,1.2283,0.68323,1.1524,3.6495,0.18684,0.001436,0.000264,1e-06,0.0,0.0,0.0,84.836,89.788,0.35634,17.070999999999998,15.84,4.5568,-0.23054,-0.45514,17.755,5.5169,5.935,381.62,0.093853,0.9925,0.33984000000000003,0.95567
27,0.23797,4.7891,7.2669,0.617,1.2707,0.69812,1.1247,3.0142,0.18422,0.001875,0.000599,2e-06,0.0,0.0,0.0,76.057,62.083,3.7924,11.716,14.925999999999998,9.9031,0.36539,0.26359,3.9719,7.1302,5.9445,23.833,0.11302,0.99288,0.30337,0.94659
28,0.2722,4.5325,6.7946,0.5701,1.2172,0.7442,1.1722,2.9167,0.17122,0.001104,6.4e-05,0.0,0.0,0.0,0.0,72.377,67.153,12.01,13.214,15.755,14.298,0.19444,0.019387,1.8902,6.9377,6.0182,8.6125,0.1209,0.99205,0.27665,0.94182
29,0.33147,4.0179,6.1572,0.4987,1.1537,0.7209899999999999,1.2114,2.6074,0.17515,0.0006190000000000001,0.00022,6e-06,0.0,0.0,0.0,67.179,71.835,2.2314,14.104,14.459,7.1868,0.12568,0.018265,5.5406,5.9929999999999986,5.4062,46.978,0.12422,0.9919,0.29203,0.9397
30,0.24415,4.2823,7.1743,0.53291,1.1818,0.67624,1.2673,2.9396,0.18743,0.000962,0.000297,1e-05,0.0,0.0,0.0,89.384,93.451,0.14190999999999998,16.55,15.101,2.8263,-0.22407,-0.51231,27.09,5.5559,5.6579,908.3,0.087352,0.99277,0.35987,0.95866
31,0.17656,5.2789,8.4365,0.4809100000000001,1.1405,0.69394,1.2466,3.5063,0.18169,0.0005639999999999999,0.000401,4e-06,0.0,0.0,0.0,78.532,78.657,6.0265,16.542,16.695,13.659,0.27976,0.1276,3.6094,4.769,4.7749,19.263,0.11202,0.99182,0.30683,0.94623
32,0.2857,4.5932,6.6321,0.59185,1.2406,0.74365,1.1179,2.843,0.17201,0.001334,5.8e-05,1e-06,0.0,0.0,0.0,75.778,68.60300000000001,6.0244,13.549,14.602,10.963,0.38117,0.13452,3.0095,7.2379,6.4385,15.894,0.14322,0.9903,0.25915,0.93101
33,0.28865,4.3654,6.5982,0.38136,1.0818,0.7260800000000001,1.2383,2.809,0.17269,0.000183,0.000353,1e-06,0.0,0.0,0.0,68.195,65.263,4.9289999999999985,12.178,13.503,9.7708,0.29527,0.19984,3.1587,7.6657,6.7381,16.832,0.11131,0.99306,0.31376,0.94668
34,0.26515,4.6263,6.8842,0.43291,1.1093,0.70422,1.1856,2.8847,0.17845999999999998,0.00034,7.099999999999999e-05,4e-06,0.0,0.0,0.0,64.225,64.325,1.1046,13.231,14.639,5.7485,0.45869,0.35513,8.0997,6.4637,5.6817,88.441,0.099267,0.99387,0.32034,0.95326
35,0.29891,4.0733,6.4839,0.51457,1.1663,0.6964899999999999,1.2301,2.6976,0.1816,0.000768,0.000167,6e-06,0.0,0.0,0.0,69.015,67.623,1.3837,13.272,14.787,6.3506,0.3904,0.23747,6.6299,5.9727,5.1573,58.41,0.11924,0.9924,0.30541,0.94256
36,0.30228,4.4059,6.4477,0.56947,1.2165,0.73055,1.134,2.7423,0.1744,0.001139,9.3e-05,0.0,0.0,0.0,0.0,72.673,71.414,2.447,13.658,15.128,7.904,0.41133,0.072418,5.5258,6.4624,5.4524,45.719,0.13149,0.991,0.26478,0.93685
37,0.27819,4.3729,6.721,0.61127,1.2636,0.73345,1.171,2.8584,0.17511,0.0016190000000000002,0.000126,0.0,0.0,0.0,0.0,66.406,63.75899999999999,6.8293,13.353,15.293,11.211,0.16899999999999998,0.068977,2.7522,6.11,5.5699,14.109000000000002,0.11278,0.993,0.30366,0.94587
38,0.21811,4.9672,7.5904,0.65028,1.3163,0.70014,1.1145,3.1459,0.18532,0.0024690000000000003,0.000257,4e-06,0.0,0.0,0.0,84.145,91.286,0.35937,17.428,15.634,4.6155,-0.21331,-0.43165,15.927,5.07,5.5341,293.11,0.10132,0.99172,0.32473,0.9515
39,0.25287,4.407,7.0495,0.6479,1.3128,0.72348,1.1875,2.9705,0.17922000000000002,0.002266,0.000116,1e-06,0.0,0.0,0.0,92.168,90.363,30.216,17.160999999999998,17.458,23.924,-0.25482,-0.27542,0.26744,6.2,6.1083,2.1254,0.084746,0.99284,0.31454,0.95933
40,0.25152,4.6016,7.0683,0.52809,1.1776,0.72806,1.2078,3.0055,0.17399,0.000795,0.000116,1e-06,0.0,0.0,0.0,75.545,72.34,10.666,13.625,14.76,13.68,0.46369,0.12541,1.8876,7.4654,6.2311,8.1103,0.12332,0.9915,0.29473,0.94082
41,0.2847,4.2542,6.6437,0.64284,1.3055,0.72759,1.1659,2.8085,0.17794,0.002148,0.000117,1e-06,0.0,0.0,0.0,73.75,72.706,1.82,12.082,13.67,7.0293,0.23335,-0.006794,6.2733,6.6976,6.0319,56.609,0.13074000000000002,0.99109,0.29153,0.93802
42,0.2434,4.4553,7.1853,0.5836399999999999,1.2315,0.71753,1.231,3.0268,0.17800000000000002,0.001335,0.000204,5e-06,0.0,0.0,0.0,79.917,82.87200000000001,4.7895,14.53,14.193,10.739,0.52315,0.07176,3.5485,6.782,6.315,20.136,0.10141,0.99215,0.32557,0.9512
43,0.28217,4.2114,6.6734,0.5683600000000001,1.2154,0.72259,1.2218,2.8229,0.17629,0.001153,0.000131,0.0,0.0,0.0,0.0,72.27600000000002,72.369,1.0594,12.718,14.03,6.174,0.20111,0.090341,8.4949,6.4661,5.8797,97.28,0.13599,0.99081,0.28795,0.93556
44,0.33635,4.0713,6.1124,0.5270600000000001,1.1767,0.7366699999999999,1.1879,2.6145,0.17193,0.000769,0.000148,1e-06,0.0,0.0,0.0,72.681,74.426,1.7518,13.264,14.272,7.3746,0.2433,0.22148,7.3547,6.0596,5.584,78.318,0.14436,0.98983,0.26239,0.93116
45,0.2334,4.6006,7.3375,0.59017,1.2387,0.72465,1.2199,3.1053,0.17647000000000002,0.001385,0.00015800000000000002,0.0,0.0,0.0,0.0,74.175,71.42399999999998,14.45,12.23,13.435,14.113,-0.002527,-0.07541,1.2849,8.3923,7.1669,5.285,0.10932,0.99248,0.30758,0.94785
46,0.40144,3.2019,5.595,0.84025,1.8443,0.7749,1.1326,2.3516,0.19249,0.01103,5.9e-05,3e-06,0.0,0.0,0.0,81.78399999999998,84.045,13.479,18.45,18.178,20.1,0.17335,0.018882,1.5784,4.1764,4.1801,5.1105,0.15649000000000002,0.98704,0.24682,0.92863
47,0.38101,2.8928,5.7429999999999986,0.91437,2.4699,0.77186,1.1098,2.2852,0.23278,0.027961,0.000178,2.9e-05,0.0,2e-06,0.0,75.847,81.94,8.2538,21.626,19.67,18.499,0.22257,0.21863,2.5234,3.1484,3.1981,9.2049,0.19783,0.98402,0.20118,0.9091
48,0.44899,3.018,5.2904,0.85862,1.9508,0.7789699999999999,1.1077,2.2101,0.19765,0.013315,9e-06,2e-06,0.0,0.0,0.0,75.51,74.18,4.5939,17.47,18.131,11.752,-0.18174,-0.23723,3.1795,4.052,4.0741,14.644,0.14662,0.98813,0.23124,0.93129
49,0.48691,3.1423,5.0802,0.82929,1.7895,0.77798,1.0659999999999998,2.1488,0.18866,0.009775,0.000115,1.3e-05,0.0,1e-06,0.0,81.051,83.209,9.7715,18.041,17.727999999999994,16.531,-0.20735,-0.34385,1.8915,3.6471,3.8958,6.4809,0.13335,0.98769,0.26006,0.93714
50,0.4280600000000001,3.1985,5.4181,0.8368200000000001,1.8266,0.78015,1.1071,2.2882,0.19019,0.010501,2e-05,4e-06,0.0,0.0,0.0,74.01,80.15100000000002,4.8503,18.826,16.944000000000006,12.362,-0.051138,0.06881,3.3064,4.0849,3.8584,16.583,0.15500999999999998,0.98708,0.23684,0.92792
51,0.42245,3.0694,5.454,0.8690100000000001,2.021,0.77655,1.1014,2.2617,0.20248,0.015088999999999997,3.8e-05,8e-06,0.0,1e-06,0.0,80.32300000000002,85.177,5.6269,19.005,18.274,13.901,-0.20946,-0.33315,3.2486,4.9503,4.9893,15.607,0.13026,0.98873,0.26859,0.93919
52,0.46572,3.108,5.1945,0.84704,1.8814,0.7780100000000001,1.0748,2.1811,0.19383,0.011758,6.3e-05,4e-06,0.0,0.0,0.0,86.569,91.412,17.415,19.944000000000006,19.212,22.031,-0.2237,-0.36784,1.205,4.3003,4.338,3.9407,0.15141,0.98412,0.2312,0.92895
53,0.3955,3.317,5.6368,0.8477399999999999,1.8853,0.77876,1.0922,2.3672,0.19388,0.011824,1.2e-05,2e-06,0.0,0.0,0.0,84.844,87.955,11.893,18.786,18.434,18.794,-0.29841,-0.30142,1.7291,4.4555,4.4716,5.9103,0.13883,0.98744,0.25275,0.93459
54,0.33896,3.686,6.0888,0.83135,1.7994,0.77768,1.086,2.573,0.18928,0.00999,4.2e-05,2e-06,0.0,0.0,0.0,81.295,83.07600000000002,5.0207,18.002,17.759,13.177,0.13506,0.025893,3.533,4.255,3.9355,18.537,0.16147999999999998,0.98537,0.24253,0.92555
55,0.37713,3.0267,5.7724,0.8931,2.2229,0.7703,1.1227,2.3437,0.21686,0.020696,0.000113,2.4e-05,0.0,3e-06,0.0,77.016,84.024,2.6792,25.483,24.136,10.855,0.17682,0.17502,4.8301,2.6376,2.6064,28.829,0.20367,0.98296,0.18115,0.90396
56,0.4225600000000001,3.2176,5.4533,0.8392,1.8388,0.7792600000000001,1.1033,2.2995,0.1911,0.010788,5.2e-05,6e-06,0.0,1e-06,0.0,80.527,85.154,10.488,18.612,18.092,17.208,-0.32242,-0.43313,1.8466,4.5075,4.6748,6.3079,0.12555,0.98921,0.26762,0.94117
57,0.41358,3.4395,5.5122,0.80776,1.6963,0.7799,1.0867,2.3514,0.18318,0.007867,1.3e-05,1e-06,0.0,0.0,0.0,89.911,94.073,18.566,17.797,16.965,21.448,-0.23354,-0.32259,0.99188,4.8315,5.0483,3.2241,0.12739,0.987,0.26294,0.93915
58,0.41209,2.9654,5.5222,0.88821,2.1766,0.77782,1.1132,2.2619,0.21181,0.019038,8.4e-05,1.4e-05,0.0,1e-06,0.0,71.617,84.917,0.43044,22.76,19.758,4.3557,0.017386000000000002,0.12061,14.914,3.3315,3.1743,298.23,0.18667,0.98475,0.21001,0.91272
59,0.37657,3.2960000000000003,5.7767,0.84447,1.8671,0.77399,1.1284,2.4221,0.19402,0.01156,4e-05,8e-06,0.0,1e-06,0.0,79.03699999999998,84.384,6.3456,18.798,18.443,14.929,0.2502,0.1916,3.024,4.217,3.8508,13.646,0.15108,0.98697,0.24326,0.92927
60,0.37294,3.3586,5.8048,0.85403,1.9222,0.77353,1.0964,2.4222,0.19735,0.012832,0.0001,1.8e-05,0.0,2e-06,0.0,80.97,88.095,4.4072,19.286,18.422,12.737,0.16325,0.10678,4.0443,3.9321,3.5045,23.598000000000006,0.14035999999999998,0.98769,0.2486,0.93403
61,0.43999,3.3029,5.3442,0.82476,1.7684,0.7810199999999999,1.0753,2.2687,0.18676,0.009266,1.8e-05,2e-06,0.0,0.0,0.0,77.491,85.302,4.7804,18.619,17.085,13.127,0.34897,0.31118,3.7554,4.6973,4.2816,20.223,0.17127,0.98413,0.23994,0.92005
62,0.37583,3.2014,5.7825,0.85649,1.9374,0.77557,1.1428,2.4131,0.19772,0.013118,2.5e-05,2e-06,0.0,0.0,0.0,79.148,87.646,1.5246,19.43,17.887999999999995,8.0556,0.10166,0.030232,7.3731,4.2478,3.7363,71.538,0.12807000000000002,0.98961,0.27085,0.93941
63,0.39303,3.0201,5.6545,0.89289,2.2209,0.77494,1.106,2.3031,0.21543,0.020392,4.2e-05,1e-05,0.0,1e-06,0.0,76.419,87.654,1.0587,23.658,20.346,6.8614,-0.0776,-0.014015,8.907,3.1995,3.0487,102.64,0.17978,0.98505,0.21628000000000006,0.91506
64,0.3551,3.0949,5.9488,0.89049,2.1978,0.76835,1.1365,2.4174,0.21579,0.020098,0.00015,2.4e-05,0.0,2e-06,0.0,76.487,86.206,2.7525,24.557,21.829,11.535,0.20909,0.22387,5.3735,3.2272,3.0487,37.07,0.20153,0.98319,0.19837,0.90693
65,0.39426,3.1158,5.6456,0.8533799999999999,1.9183,0.7718,1.1493,2.3539,0.19756,0.012799,0.000202,2.5e-05,0.0,2e-06,0.0,73.084,72.824,3.1547,18.187,18.658,10.784,0.33286,0.26463000000000003,4.4476,3.7781,3.5793,26.894,0.15977,0.98832,0.22888000000000006,0.92496
66,0.4561,3.2152,5.249,0.8224100000000001,1.7578,0.7803,1.0877,2.2291,0.18636,0.009068,2.1e-05,1e-06,0.0,0.0,0.0,86.56700000000002,87.48899999999998,18.343,17.984,17.180999999999994,21.856,-0.29633000000000004,-0.26833,0.99871,4.1297,4.1616,3.0327,0.13679000000000002,0.98674,0.25678,0.93565
67,0.4147,3.147,5.5048,0.8538399999999999,1.9211,0.7774,1.1127,2.303,0.1963,0.012678,6.9e-05,1.1e-05,0.0,1e-06,0.0,77.593,78.572,6.7713,18.62,18.574,14.619000000000002,-0.13168,-0.19632,2.4687,3.7939,3.8468,9.227,0.13877,0.98893,0.23925,0.93436
68,0.39469,3.3108,5.6426,0.86187,1.9719,0.77622,1.0693,2.349,0.19961,0.01391,0.000113,1.8e-05,0.0,1e-06,0.0,73.285,74.164,2.4772,19.244,19.129,9.7041,0.27205,0.21931,5.0995,3.7457,3.5404,34.325,0.17307999999999998,0.98614,0.21326,0.91869
69,0.47093,3.0669,5.1657,0.81692,1.7338,0.74737,1.1058,2.1509,0.19323,0.009363,0.000118,2.5e-05,0.0,2e-06,0.0,60.702,65.194,3.1523,18.738,17.537,9.7808,0.32444,0.22407,4.5812,4.203,3.8668,31.9,0.15697,0.98938,0.25238,0.92904
70,0.31795,3.3258,6.2867,0.8529700000000001,1.9158,0.69944,1.1421,2.4958,0.21783,0.015513999999999997,0.000908,0.000253,0.0,3.1e-05,0.0,67.983,61.87600000000001,3.2209,14.488,17.157,9.3879,0.45519,-0.015005,4.2946,5.1333,4.2537,28.58,0.12456,0.99224,0.29598,0.94576
71,0.23844,3.7512,7.2597,0.88079,2.1119,0.66799,1.0884,2.7709,0.2419,0.023499000000000003,0.000797,0.000224,0.0,3e-05,0.0,75.641,71.50399999999998,2.2044,15.985,17.243,8.6825,1.1479,0.55977,5.7631,6.419,4.609,45.51,0.14931,0.98974,0.26425,0.93241
72,0.2443,3.7334,7.1721,0.88446,2.1431,0.67719,1.0799,2.7489,0.24086,0.023941,5.7e-05,1.5e-05,0.0,2e-06,0.0,71.413,72.937,4.9865,16.163,16.144000000000002,12.052,0.54925,0.25968,3.5011,5.3684,4.5959,20.001,0.14667,0.99003,0.27471,0.93418
73,0.34228000000000003,3.3567,6.0592,0.85006,1.8986,0.7045899999999999,1.0996,2.4177,0.21514,0.014811,0.000167,4.6e-05,0.0,6e-06,0.0,77.638,82.072,1.7176,16.268,15.88,7.3237,-0.025701,-0.3347,6.5021,4.5913,4.384,62.16,0.12263,0.99077,0.29918,0.94531
74,0.22449,3.5963,7.4819,0.9142,2.4675,0.66887,1.0832,2.772,0.26843,0.037131,0.001381,0.000439,0.0,8.1e-05,0.0,79.528,61.75899999999999,0.22867,12.576,17.035999999999998,3.2309,1.0539,0.5481,21.169,6.6759,4.8589,571.75,0.13245,0.99151,0.29739,0.94118
75,0.22352,4.0615,7.497999999999998,0.8798299999999999,2.104,0.68184,1.0509,2.8933,0.23642,0.022287,0.000194,6e-06,0.0,-1e-06,0.0,73.743,76.05,3.7991,16.82,16.284000000000002,11.595,0.54808,0.33951,4.347,5.1068,4.374,27.485,0.16626,0.98812,0.24855,0.92473
76,0.31811,3.4993,6.2852,0.8239799999999999,1.7649,0.71501,1.1432,2.5536,0.2038,0.010971,0.000499,0.000133,0.0,1.4e-05,0.0,86.23299999999998,90.897,15.664,16.665,16.475,18.707,-0.19903,-0.33718000000000004,1.2516,4.3242,4.3231,4.6409,0.11611,0.99025,0.29177,0.94645
77,0.27226,3.6879,6.7938,0.84325,1.8604,0.66181,1.0987,2.6355,0.22645,0.015607,0.000157,6.4e-05,0.0,8e-06,0.0,75.509,77.167,2.591,15.938,16.372,9.1363,0.52382,-0.16975,5.3081,4.817,4.4679,41.687,0.13144,0.99066,0.29783000000000004,0.94102
78,0.33956,3.2733,6.0834,0.83488,1.8167,0.70907,1.1611,2.4513,0.20865,0.012459,0.001393,0.000377,0.0,4.1e-05,0.0,68.20100000000001,75.419,0.74456,20.402,18.389,5.5586,-0.077598,-0.067108,10.986,3.5239,3.3631,162.19,0.13146,0.99101,0.27332,0.93963
79,0.34076,3.1762,6.0727,0.8840399999999999,2.1394,0.69817,1.0922,2.3641,0.23336,0.022404,0.001256,0.000271,0.0,2.9e-05,0.0,68.687,51.308,1.987,16.472,22.546,8.8431,0.32465,-0.035554,6.477,4.2792,3.256,57.309,0.17417,0.98937,0.24673,0.92575
80,0.27677,3.4232,6.7382,0.88065,2.1107,0.6644,1.1044,2.5652,0.24312,0.023712,4.8e-05,3.1e-05,0.0,4e-06,0.0,65.329,68.137,1.3251,16.9,16.500999999999998,6.8662,0.79887,0.46357,7.632999999999999,5.3265,4.2771,82.34,0.13801,0.99122,0.30443000000000003,0.93855
81,0.4310100000000001,3.0043,5.3996,0.8473200000000001,1.8829,0.73305,1.1214,2.2004,0.20582,0.013284,0.0005769999999999999,0.000124,0.0,1.3e-05,0.0,65.683,65.753,4.6969,16.744,17.35,11.964,0.74082,0.5103,3.6987,4.4323,3.8228,20.981,0.15433,0.98963,0.26165,0.93171
82,0.31687,3.3622,6.2974,0.87297,2.0501,0.69353,1.0894,2.4619,0.22871,0.019824,0.0010960000000000002,0.000461,0.0,6.4e-05,0.0,63.762,58.179,11.288,17.186,19.336,17.895,1.0376,0.62937,2.0161,5.7543,4.3041,7.659,0.14665999999999998,0.99047,0.26943,0.93667
83,0.2804,3.466,6.6944,0.8939600000000001,2.2315,0.6977899999999999,1.0801,2.5851,0.24001,0.025513,0.000947,0.000374,0.0,6e-05,0.0,68.222,71.535,1.4233,15.050999999999998,14.62,6.4379,0.8488600000000001,0.39779,7.1841,6.0491,4.6104,74.903,0.13872,0.99061,0.26617,0.93668
84,0.28861,3.5261,6.5986,0.82409,1.7653,0.65228,1.1375,2.5606,0.22343,0.013196,0.002663,0.000648,0.0,7.4e-05,0.0,79.85,86.28,1.9727,19.775,18.449,9.9107,-0.41157,-0.39874,6.5509,4.0125,3.802,53.726000000000006,0.1156,0.99122,0.32402,0.94802
85,0.27971,3.6236,6.7028,0.87495,2.0652,0.71,1.0846,2.6479,0.22442,0.019369,0.000126,2.6e-05,0.0,3e-06,0.0,75.707,74.384,4.7699,15.167,15.665,11.577,0.5766100000000001,0.30286,3.5488,5.421,4.5323,20.209,0.14986,0.98946,0.27102,0.93186
86,0.378,3.0149,5.7658,0.87684,2.0799,0.7045899999999999,1.1131,2.2663,0.22714,0.020121,0.001073,0.000279,0.0,3.7e-05,0.0,74.515,65.181,5.8484,13.529000000000002,16.037,12.529000000000002,0.6550699999999999,0.44099,2.8555,5.4512,4.6389999999999985,13.33,0.14333,0.9905,0.26974000000000004,0.93602
87,0.32614,3.4353,6.2073,0.8192200000000001,1.7438,0.6937,1.1397,2.4882,0.20877,0.011117,0.001079,0.00034500000000000004,0.0,3.5e-05,0.0,64.41,62.812,6.1388,13.694,15.335,11.896,0.36237,-0.10305,2.6963,5.7758,4.6783,12.358,0.097161,0.994,0.31216,0.95658
88,0.4605,2.9436,5.2239,0.85429,1.9238,0.7349600000000001,1.0969,2.1245,0.2078,0.014256,0.000261,7.900000000000001e-05,0.0,9e-06,0.0,66.679,69.993,7.5237,16.595,16.059,14.318,0.5263800000000001,0.30153,2.4532,4.6738,3.6712,10.474,0.14856,0.98985,0.25639,0.93345
89,0.3833,3.1971,5.7258,0.84395,1.8642,0.72417,1.1162,2.3227,0.20719,0.013132,0.000795,0.000209,0.0,2.4e-05,0.0,74.926,71.656,12.890999999999998,16.055,17.383,17.437,-0.24003,-0.4356600000000001,1.3986,4.3894,4.3363,4.7217,0.14992,0.98888,0.24152,0.93319
90,0.31694,3.341,6.2967,0.85583,1.9333,0.70134,1.1352,2.4996,0.21838,0.015924,0.001824,0.00064,1e-06,7.8e-05,0.0,78.48,77.09,9.611,16.829,17.436,18.376,0.17787999999999998,-0.050672,2.4736,4.5058,4.1852,10.235,0.13758,0.98995,0.27772,0.93761
91,0.39569,3.1260000000000003,5.6355,0.8585200000000001,1.9502,0.7269100000000001,1.1006,2.2744,0.21176,0.015274,0.000969,0.00028,0.0,3.4e-05,0.0,60.771,60.51600000000001,5.2258,18.271,18.409,13.068,0.69799,0.4581,3.4236,4.6972,3.813,17.375999999999998,0.12899000000000002,0.99189,0.28342,0.94188
92,0.76684,2.7484,4.0481,0.72488,1.4516,0.77652,1.0773,1.7531,0.17228,0.003769,2.4e-05,2e-06,0.0,0.0,0.0,67.977,64.67399999999999,14.238,17.54,18.906,19.509,0.619,0.19849,1.4492,3.9986,3.8601,4.7294,0.29773,0.97274,0.18467,0.8702700000000001
93,0.59306,3.0651,4.6032,0.64967,1.3154,0.77332,1.1515,2.0051,0.16775,0.002014,8.7e-05,7.000000000000002e-06,0.0,0.0,0.0,63.415,60.708,9.1581,26.156,26.464,17.285999999999998,-0.01848,-0.16673,2.3081,3.0531,2.9424,8.8825,0.31941,0.97754,0.16467,0.86698
94,0.6331899999999999,2.8689,4.4549,0.67169,1.3498,0.76717,1.1706,1.9292,0.17032,0.002462,6.7e-05,5e-06,0.0,0.0,0.0,69.616,73.267,3.2991,20.113,19.152,10.941,0.13775,0.010606,4.43,3.9194,3.7189,27.002,0.21633,0.98427,0.21537,0.90201
95,0.5595399999999999,2.901,4.739,0.72287,1.4472,0.76744,1.1896,2.0408,0.17413,0.003793,4.2e-05,4e-06,0.0,0.0,0.0,61.424,66.116,4.9002,23.928,22.781,14.508,0.17875,0.09418,3.7289,3.4487,3.4408,18.896,0.28639000000000003,0.97426,0.17477,0.87213
96,0.66788,2.8148,4.3377,0.64769,1.3125,0.7687,1.1793,1.8841,0.16866,0.002004,3e-06,0.0,0.0,0.0,0.0,64.247,64.221,3.0325,19.704,19.833,10.066,0.41799,-0.051806,4.5099,4.3985,3.8007,28.206,0.20728,0.98622,0.22811,0.90651
97,0.6231800000000001,2.7155,4.4905,0.74734,1.505,0.77005,1.1829,1.9298,0.17608,0.004654999999999999,5.5e-05,7.000000000000002e-06,0.0,0.0,0.0,63.069,62.082,7.4176,20.129,19.145,15.164,0.62473,0.24057,2.5222,4.862,3.9568,9.9731,0.23321,0.98406,0.22006,0.8980899999999999
98,0.64857,2.9667,4.4018,0.67228,1.3508,0.7721600000000001,1.1218,1.9123,0.16926,0.002442,0.000172,1.1e-05,0.0,1e-06,0.0,62.846,59.04,6.7174,21.205,22.277,14.883,0.41624,0.1308,2.7076,3.8855,3.4588,11.153,0.2651,0.98143,0.19938,0.8889600000000001
99,0.64043,2.9504,4.4296,0.6491,1.3146,0.76555,1.1457,1.9199,0.16943,0.002045,0.000216,5e-06,0.0,0.0,0.0,60.411,61.505,21.766,23.658,22.865,22.854,0.11884000000000003,-0.090248,0.88031,3.7268,3.505,3.0605,0.27275,0.97926,0.16741,0.87718
100,0.55299,2.7679,4.767,0.78841,1.6256,0.76025,1.1778,2.0184,0.18421,0.006901000000000001,0.000166,3.4e-05,0.0,3e-06,0.0,62.851000000000006,70.645,3.5318,19.976,17.291,11.185,0.4098,0.45795,4.3527,4.1601,4.0619,26.633000000000006,0.23103,0.9834,0.21721,0.89864
101,0.65352,2.7165,4.3851,0.75379,1.5218,0.76983,1.1481,1.8821,0.1769,0.004928,5e-06,1e-06,0.0,0.0,0.0,72.91199999999998,72.79899999999998,20.502,19.26,19.324,22.801,0.40549,0.057494,0.98334,4.0045,3.6636,3.2851,0.23168,0.98173,0.20063,0.89543
102,0.6778,2.7651,4.3058,0.67667,1.3582,0.77015,1.1726,1.8674,0.16997,0.002547,1.4e-05,1e-06,0.0,0.0,0.0,74.635,69.542,23.225,17.405,19.088,23.332,0.3388,-0.000342,0.701,3.5483,3.5926,2.5747,0.21161,0.98363,0.20753,0.90397
103,0.63555,3.0007,4.4466,0.65892,1.3294,0.7691899999999999,1.1272,1.9303,0.16914,0.0022,7.4e-05,5e-06,0.0,0.0,0.0,67.942,70.652,7.5586,21.953000000000007,20.75,15.68,-0.07837100000000001,-0.17172,2.4912,3.4881,3.4374,9.7948,0.2514,0.98011,0.18496,0.88707
104,0.59597,2.842,4.5919,0.72516,1.4523,0.77148,1.1776,1.982,0.17343,0.003828,3.7e-05,1e-06,0.0,0.0,0.0,58.87300000000001,54.475,15.66,21.369,22.774,21.65,0.5303399999999999,0.2397,1.4621,3.8409,3.4210000000000003,4.6959,0.29687,0.98037,0.18779,0.8725
105,0.64462,2.9791,4.4152,0.58775,1.236,0.76302,1.1645,1.9176,0.16751,0.001223,0.000189,7.000000000000002e-06,0.0,0.0,0.0,69.585,67.181,1.7548,18.225,18.939,8.0669,0.48097,0.16143,6.1343,4.2806,3.8491,48.279,0.2131,0.98508,0.22649,0.90457
106,0.5717800000000001,2.8768,4.688,0.74425,1.4972,0.76837,1.1674,2.0135,0.17611,0.004551,1.9e-05,1e-06,0.0,0.0,0.0,78.273,79.59899999999998,17.045,24.369,24.007,25.14,0.070775,-0.083565,1.4182,3.0615,3.0032,4.1586,0.25837,0.97834,0.16799,0.8849299999999999
107,0.55229,2.8919,4.77,0.72227,1.4459,0.76405,1.1991,2.0498,0.17485,0.003807,1e-05,1e-06,0.0,0.0,0.0,69.725,68.444,11.688,18.082,17.905,18.351,0.84344,0.46675,1.8264,4.6809,3.9446,6.5034,0.2287,0.98347,0.21507,0.9001600000000001
108,0.65265,2.7409,4.388,0.72521,1.4524,0.7723800000000001,1.1675,1.8951,0.17324,0.003820000000000001,1.1e-05,0.0,0.0,0.0,0.0,77.882,72.23,10.862,19.957,19.082,18.358,0.70625,0.095626,1.8507,4.8314,3.693,6.0878,0.22362,0.98264,0.20607,0.8992899999999999
109,0.5556399999999999,3.2736,4.7556,0.63949,1.3007,0.77305,1.1199,2.0727,0.16732,0.00185,4e-06,0.0,0.0,0.0,0.0,65.12,58.346,17.447,17.038,19.363,19.716,0.65776,0.15766,1.0585,4.8695,4.2747,3.5976,0.23888,0.98207,0.2083,0.8933200000000001
110,0.61737,2.9709,4.5116,0.58787,1.2362,0.76552,1.195,1.9627,0.16697,0.001216,6e-05,2e-06,0.0,0.0,0.0,65.247,69.906,5.0489,21.358,19.27,13.585,0.18324,0.12879000000000002,3.5037,3.6875,3.6944,17.583,0.22887,0.98359,0.2071,0.89771
111,0.52935,2.8710000000000004,4.8723,0.7435,1.4954,0.76125,1.2108,2.0832,0.17768,0.004606,0.0,0.0,0.0,0.0,0.0,64.21,67.878,5.7676,21.092,19.847,14.543,0.32995,0.12605,3.2829,3.899,3.8552,15.807,0.26215,0.98103,0.19959,0.8855799999999999
112,0.69112,2.8855,4.2641,0.63889,1.2999,0.77355,1.14,1.8592,0.16718,0.001838,7.000000000000002e-06,0.0,0.0,0.0,0.0,63.147,60.50100000000001,9.0477,18.445,18.649,16.406,0.2416,0.044989,2.1521,4.0947,3.94,7.768,0.20171,0.98618,0.22972,0.90862
113,0.5682699999999999,2.9553,4.7025,0.68484,1.3723,0.76572,1.1886,2.032,0.17149,0.0027600000000000003,6.2e-05,3e-06,0.0,0.0,0.0,65.061,68.282,3.5496,21.54,20.289,11.17,0.12669,-0.078626,4.0733,3.9392,3.8567,22.472,0.2465,0.98302,0.21343,0.8915799999999999
114,0.53777,2.7855,4.834,0.81048,1.7072,0.76752,1.1636,2.044,0.18671,0.008339,7.7e-05,7.000000000000002e-06,0.0,1e-06,0.0,62.887,57.743,18.862,18.662,19.878,20.981,0.6555300000000001,0.34179,0.98918,4.3054,3.9179,3.2712,0.24561,0.98285,0.20684,0.8931899999999999
115,0.411,3.7867,5.5295,0.6271,1.2838,0.77022,1.131,2.4076,0.16738,0.001678,2.5e-05,1e-06,0.0,0.0,0.0,79.767,72.34100000000002,19.635,17.322,20.378,23.565,0.43089,0.1282,1.4476,4.9778,4.5567,5.7015,0.18925,0.98514,0.21695,0.9139
116,0.4747,3.345,5.1451,0.7138100000000001,1.4279,0.77122,1.1304,2.2238,0.17247,0.003476,0.0001,1e-06,0.0,0.0,0.0,78.834,78.457,23.138,18.755,19.048,24.096,0.47317,0.25463,0.98567,4.2446,3.8312,3.8323,0.20342,0.9835,0.20918,0.9044
117,0.60532,3.4389,4.5563,0.42567,1.1051,0.7669100000000001,1.1037,1.9926,0.16380999999999998,0.000266,6.7e-05,1e-06,0.0,0.0,0.0,75.882,78.072,15.587,18.027,18.42,20.75,0.24383,0.042239,1.6179,4.3951,4.158,6.0644,0.24771,0.97646,0.19298,0.8838600000000001
118,0.6049100000000001,3.2705,4.5578,0.44692,1.1179,0.76858,1.1556,1.9948,0.16365,0.00033,0.000148,0.0,0.0,0.0,0.0,76.592,75.919,8.1325,15.789,17.01,14.682,-0.062712,-0.19225,2.4969,4.5027,4.5152,12.351,0.17231,0.98606,0.23793000000000006,0.91856
119,0.57155,3.6862,4.689,0.36797,1.0755,0.76998,1.0763,2.0559,0.16277,0.00014,8.2e-05,1e-06,0.0,0.0,0.0,83.99,83.395,15.785,17.965,18.569000000000006,22.222,0.44038,0.2309,1.8773,4.7887,4.2183,7.815,0.24047,0.97158,0.21906,0.8900100000000001
120,0.62997,3.1929,4.4663,0.64013,1.3016,0.77893,1.0821,1.9539,0.16608,0.001831,8.3e-05,1e-06,0.0,0.0,0.0,83.417,77.592,9.1007,14.839,16.739,15.01,0.10520999999999997,-0.068368,2.0928,3.9035,4.0308,8.8715,0.18238,0.9839,0.2437,0.91321
121,0.6178899999999999,3.3587,4.5097,0.4582600000000001,1.1251,0.77184,1.1121,1.9776,0.16308,0.000366,4.1e-05,0.0,0.0,0.0,0.0,79.015,81.736,23.369,18.077,18.087,23.416,0.051065,-0.070187,0.9758,4.1819,3.9822,4.1527,0.20372,0.98207,0.22019,0.90507
122,0.6239600000000001,3.1553,4.4877,0.608,1.2595,0.76755,1.1103,1.9528,0.16721,0.001437,9.7e-05,6e-06,0.0,0.0,0.0,79.745,75.38,13.503,15.092,16.867,17.476,0.030064,-0.3244,1.4819,4.6126,4.6346,6.0546,0.16295,0.98551,0.24141,0.92308
123,0.63185,3.2353,4.4596,0.58227,1.23,0.77281,1.0926,1.9498,0.16523,0.001138,0.000153,2e-06,0.0,0.0,0.0,73.242,77.057,11.055,19.801,19.546,19.439,0.18258,0.11699,2.001,3.3108,3.1692,6.9557,0.24415,0.97925,0.18444,0.8835
124,0.49336,3.5648,5.0469,0.6381,1.2988,0.75754,1.0812,2.1777,0.17068,0.001904,0.000271,1.1e-05,0.0,0.0,0.0,72.58,72.913,21.371,17.523,18.054,21.828000000000007,0.70015,0.45704,1.2653,5.582000000000002,4.8334,5.9413,0.19737,0.98232,0.20577,0.90956
125,0.52031,3.4795,4.9145,0.56889,1.2159,0.76849,1.1229,2.1438,0.16577999999999998,0.001024,8.7e-05,3e-06,0.0,0.0,0.0,76.866,79.12899999999998,20.899,18.886,18.921,21.831,0.30777,0.1096,1.1706,5.2735,4.6607,4.8662,0.24282,0.97522,0.19,0.88613
126,0.54945,3.3838,4.7823,0.63527,1.2948,0.77704,1.0948,2.0903,0.16627,0.001767,0.000127,1e-06,0.0,0.0,0.0,74.382,71.374,18.127,16.473,18.165,21.097,0.41421,0.1692,1.1976,4.2415,4.109,4.2396,0.20754,0.98274,0.20185,0.90217
127,0.47984,3.8305,5.1175,0.56383,1.2108,0.75558,1.0554,2.214,0.16847,0.001014,0.000361,0.0,0.0,0.0,0.0,78.622,74.273,17.494,16.498,18.869,21.685,0.18922,-0.20069,1.5243,4.6054,4.6161,6.1492,0.17695999999999998,0.98382,0.22957,0.91852
128,0.5486800000000001,3.4313,4.7857,0.5199,1.1707,0.77193,1.1326,2.0958,0.16395,0.000656,0.000157,1e-06,0.0,0.0,0.0,70.982,72.25,17.909000000000006,19.29,19.684,21.932,-0.008603,-0.18371,1.1866,3.6541,3.716,4.0355,0.20305,0.98215,0.19771,0.90394
129,0.67493,2.999,4.3149,0.67157,1.3496,0.77712,1.0918,1.8807,0.16813,0.002397,0.000101,2e-06,0.0,0.0,0.0,70.706,70.609,7.6033,15.696,17.348,14.09,-0.021039,-0.23239,2.2226,4.2081,4.1801,8.4849,0.17615999999999998,0.98626,0.21988,0.91548
130,0.5781,3.2902,4.6623,0.58735,1.2356,0.77227,1.1203,2.0372,0.1655,0.00119,0.000177,1e-06,0.0,0.0,0.0,78.11399999999998,73.961,22.101,17.517,19.501,23.366,0.15611,-0.088114,0.90949,3.8083,3.6368,3.4195,0.19841,0.9837,0.21121,0.90631
131,0.66409,2.9883,4.35,0.63078,1.2887,0.77465,1.1286,1.899,0.16658,0.0017109999999999998,4.2e-05,0.0,0.0,0.0,0.0,75.809,77.613,13.407,18.576,18.908,19.756,0.13395,-0.023804,1.6186,3.4721,3.4339,5.5779999999999985,0.21558,0.98239,0.20284,0.89744
132,0.60425,3.2729,4.5603,0.63988,1.3013,0.77273,1.0737,1.9871,0.16741,0.001857,0.000162,2e-06,0.0,0.0,0.0,81.066,77.095,13.213,15.553,17.805,18.995,0.27249,0.029407,1.7083,4.3324,4.1153,6.6133,0.2004,0.98149,0.22502,0.90469
133,0.53273,3.2029,4.8568,0.7338399999999999,1.4721,0.77622,1.1011,2.1001,0.17322,0.004074,0.000122,3e-06,0.0,0.0,0.0,72.82,71.13600000000002,8.3004,16.614,18.355,15.752,0.18436,-0.067095,2.7079,4.4956,4.3349,13.405,0.18892,0.98478,0.21158,0.91148
134,0.58827,3.1728,4.6219,0.64583,1.3098,0.76904,1.1162,2.0083,0.16849,0.001971,0.000239,4e-06,0.0,0.0,0.0,79.626,72.788,10.992,16.887999999999998,19.867,17.61,-0.26297,-0.54602,1.9112,3.9476,4.3453,7.5369,0.17835,0.9847,0.22596,0.91579
135,0.6303300000000001,3.1841,4.465,0.5794,1.2269,0.76958,1.1106,1.9483,0.16583,0.001119,0.000138,0.0,0.0,0.0,0.0,74.943,75.307,15.866,16.439,17.566,19.254,0.16061,-0.07376100000000001,1.5443,4.9246,4.5335,6.7155,0.19288,0.98378,0.21851,0.90962
136,0.64198,3.0653,4.4243,0.67361,1.3530000000000002,0.77823,1.0946,1.9294,0.16802,0.002431,0.000103,1e-06,0.0,0.0,0.0,74.572,74.342,8.0275,15.239,16.81,14.458,0.12797,-0.088475,2.4735,4.4826,4.2647,11.345999999999998,0.19203,0.98404,0.21782,0.90771
137,0.58987,3.1113,4.6156,0.7414,1.4902,0.76742,1.0646,1.9821,0.17601,0.00445,0.00014099999999999998,1.4e-05,0.0,1e-06,0.0,89.899,89.486,6.2381,18.65,20.226,15.625,-0.25918,-0.36601,3.5462,4.9556,4.4943,19.52,0.21567,0.97661,0.22516,0.89951
138,0.27645,2.1393,6.7422,0.98748,6.3398,0.76343,1.0936,2.0209,0.53194,0.25615,0.001353,0.0005139999999999999,0.0,0.00015900000000000002,0.0,60.55,61.194,1.1083,20.978,21.737,6.0811,0.14652,-0.062383,7.7419,3.8697,3.6151,74.992,0.20634,0.98759,0.26722,0.91106
139,0.28054,2.2097,6.6928,0.98485,5.7658,0.7573,1.0977,2.067,0.49017,0.21302,0.002315,0.000705,1e-06,0.000162,0.0,63.098,57.505,1.0422,18.304,21.533,6.0834,0.38222,0.11816,8.3983,4.699,3.835,90.568,0.27212,0.97789,0.22,0.87876
140,0.25762,2.1215,6.9841,0.98844,6.5968,0.7502300000000001,1.1102,2.0452,0.5622,0.2883,0.0032090000000000005,0.002449,1e-05,0.001221,0.0,69.774,59.433,1.1148,15.003,19.869,5.6939,0.72377,0.16822,7.7119,5.1409,4.0586,81.771,0.26331,0.97907,0.22957,0.88656
141,0.30884,2.1453,6.3788,0.98376,5.5719,0.7460600000000001,1.088,1.9789,0.48181,0.20407,0.004219,0.002145,8e-06,0.000767,0.0,67.563,58.645,3.8318,16.872,20.891,10.728,0.97161,0.52337,3.8223,5.9518,4.8533,20.559,0.22671,0.98428,0.24723,0.90146
142,0.24589,2.1179,7.1488,0.98892,6.737,0.73943,1.1183,2.0622,0.58199,0.31014,0.004731,0.001407,4e-06,0.000377,0.0,60.121,60.416,0.5381100000000001,18.176,18.78,4.0915,0.3299,0.20113,11.708,4.6038,4.0966,198.95,0.20937,0.9874,0.28538,0.91194
143,0.31994,2.1326,6.2672,0.98371,5.5635,0.77723,1.0984,1.9856,0.46183,0.18742,0.000742,0.0006,1e-06,0.000258,0.0,63.58,55.679,1.5983,16.596,19.964,6.6861,0.95188,0.56125,6.2532,6.1225,4.7691,56.257,0.24641,0.98112,0.26912,0.8950299999999999
144,0.29498,2.1293,6.5269,0.98541,5.8753,0.75413,1.0982,1.9983,0.5010399999999999,0.22356,0.002479,0.000554,0.0,6.2e-05,1e-06,57.309,59.88,0.74763,22.828000000000007,22.766,5.3777,0.54161,0.34647,9.8938,4.3689,3.9826,129.57,0.29334,0.97801,0.21175,0.8745799999999999
145,0.31901,2.1204,6.2763,0.98398,5.6098,0.76941,1.0962,1.9727,0.47017,0.19467,0.0016879999999999998,0.001423,2e-06,0.000628,0.0,62.615,56.149,0.95008,18.307,22.276,6.468,1.0027,0.57555,8.4982,5.8813,4.3415,86.55,0.2855,0.98024,0.23283,0.8826799999999999
146,0.30961,2.1163,6.3709,0.98438,5.6792,0.76441,1.1045,1.9874,0.47874,0.20245,0.001975,0.0009,1e-06,0.000308,0.0,64.021,61.029,0.21891,17.159000000000002,19.755,2.9182,0.746,0.45397,20.94,5.2404,4.4911,607.61,0.2759,0.9788,0.23682,0.88182
147,0.30923,2.1646,6.3748,0.98373,5.5659,0.7708,1.0959,2.011,0.46587,0.19074,0.00105,0.000661,0.0,0.000257,0.0,60.247,59.95,0.5332600000000001,19.195,20.566,4.5941,0.5091899999999999,0.36726,12.776,4.5271,4.0204,220.73,0.28321,0.97723,0.22749,0.87751
148,0.30508,2.1082,6.417999999999998,0.98537,5.8667,0.77385,1.1056,1.9915,0.48759,0.21166,0.000509,0.000341,0.0,0.00014199999999999998,0.0,61.37300000000001,54.659,0.79262,17.028,20.368,5.4238,0.80203,0.47257,9.3045,5.8371,4.5259,117.03,0.23867,0.98405,0.26402,0.89933
149,0.2706,2.121,6.8146,0.98633,6.0678,0.70578,1.0958,1.9953,0.55192,0.27325,0.008392,0.001818,9e-06,0.0002,-8e-06,61.115,58.929,0.26196,17.405,19.196,2.903,0.9587,0.5844600000000001,15.212,5.7119,4.4567,278.29,0.19054,0.98869,0.30499,0.92075
150,0.2396,2.2017,7.242000000000001,0.98808,6.4963,0.74565,1.1144,2.1262,0.55742,0.28262,0.002343,0.000753,1e-06,0.000191,0.0,60.402,59.673,1.4726,20.265,20.821,6.8572,0.44913,0.22902,6.8045,4.6986,3.9698,64.368,0.22871,0.98631,0.27381,0.90423
151,0.29511,2.1504,6.5255,0.98421,5.6495,0.7341300000000001,1.0939,1.9985,0.49604,0.21706,0.00418,0.001033,2e-06,0.00013000000000000002,-1e-06,59.721,61.739,1.516,19.516,19.51,6.816,0.57025,0.43427,6.2076,4.672,4.2697,50.489,0.2275,0.98517,0.24986,0.90141
152,0.28121,2.1416,6.6848,0.98396,5.6049,0.71337,1.1136,2.0238,0.50669,0.22603,0.00629,0.00113,-1e-06,-4.6e-05,3e-06,69.544,63.433,3.0582,17.094,20.266,9.1382,0.767,0.31263,4.1474,5.5626,4.4826,23.52,0.25363,0.9813,0.21713,0.8912899999999999
153,0.30552,2.1185,6.4133,0.98435,5.6737,0.77159,1.1164,2.0107,0.47385,0.19829,0.000127,0.000125,0.0,5.600000000000001e-05,0.0,68.229,62.083,2.0904,18.18,20.963,9.2272,1.1519,0.7213,5.6916,5.6795,4.6637,40.695,0.27804,0.97605,0.23575,0.8824
154,0.27349,2.1415,6.7785,0.98771,6.3988,0.74639,1.0811,2.0022,0.5489,0.27324,0.003622,0.001004,1e-06,0.000202,2e-06,60.133,61.034,0.38221,19.257,19.479,3.8776,0.8739299999999999,0.71053,13.175,5.5398,4.8498,214.77,0.25918,0.98195,0.2552,0.8942100000000001
155,0.28157,2.11,6.6806,0.9876,6.3697,0.77179,1.1021,2.0099,0.52853,0.25312,0.001227,0.001033,1e-06,0.000515,0.0,57.746,57.399,0.7915399999999999,19.859,20.819000000000006,5.0798,0.52015,0.32956,8.8846,5.0215,4.1746,100.58,0.24752,0.98369,0.24468,0.89528
156,0.3225,2.1073,6.2422,0.98412,5.6332,0.76899,1.0945,1.9586,0.47227,0.19661,0.0016579999999999998,0.000966,1e-06,0.000374,0.0,61.216,60.326,0.6856300000000001,19.34,20.856,5.2501,0.64957,0.49615,9.5113,5.1463,4.4653,103.72,0.27448,0.97949,0.22953,0.88102
157,0.32349,2.1146,6.2326,0.98279,5.4129,0.7732399999999999,1.114,1.9883,0.45245,0.17858,0.0006580000000000001,0.000488,0.0,0.000196,0.0,62.773,60.932,1.6859,17.5,19.429,6.7515,0.48848,0.25644,6.0478,4.5831,4.0772,54.088,0.20345,0.98743,0.26543,0.91067
158,0.27886,2.2607,6.7129,0.98039,5.0749,0.68776,1.0931,2.0644,0.47909,0.19649,0.008519,0.0012,-5e-06,-0.000239,4e-06,67.036,63.76600000000001,1.7893,18.505,20.489,8.1423,0.79969,0.57458,6.0453,4.7184,4.2079,47.435,0.18622,0.98842,0.33266,0.92106
159,0.26159,2.1714,6.9309,0.98523,5.8405,0.7127100000000001,1.115,2.0672,0.5271899999999999,0.24717,0.007599,0.003086,1.6e-05,0.00097,8e-06,63.154,60.618,0.38969,16.77,18.99,3.7886,0.75569,0.40255,14.53,5.1351,4.2116,290.24,0.20822,0.98737,0.28841,0.91358
160,0.26029,2.1063,6.9483,0.98855,6.6262,0.75631,1.1145,2.0396,0.56005,0.28634,0.002193,0.001869,5e-06,0.000964,0.0,58.229,60.852,1.7225,20.504,20.244,6.9174,0.37796,0.3238,5.9107,4.1348,3.7878,47.941,0.27967,0.97906,0.21607,0.87997
161,0.73219,3.3614,4.1428,0.41228,1.0976,0.77912,1.0383,1.8264,0.16113,0.000224,2.8000000000000006e-05,0.0,0.0,0.0,0.0,58.01,47.897,3.4978,13.937,16.79,10.324000000000002,1.7039,1.0605,4.625,9.8043,6.6544,31.77,0.1184,0.99174,0.33942,0.9443
162,0.72223,3.319,4.1713,0.44938,1.1194,0.7803800000000001,1.0493,1.8395,0.1612,0.000328,1.8e-05,0.0,0.0,0.0,0.0,59.49,53.301,5.7795,15.899,17.89,13.588,1.5787,1.1842,3.2611,8.5043,6.7976,15.713,0.14851,0.98869,0.33741,0.93279
163,0.73858,3.395,4.1248,0.30699,1.0507,0.78085,1.0474,1.8219,0.16028,6.3e-05,2.2e-05,0.0,0.0,0.0,0.0,53.59,43.977,6.0488,12.768,15.86,10.882,2.6878,1.7804,3.1109,15.095999999999998,9.3942,15.961,0.124,0.99148,0.34078,0.94119
164,0.87359,3.1992,3.7927,0.33002,1.0594,0.78136,1.0181,1.6756,0.16024000000000002,8.499999999999999e-05,2.2e-05,0.0,0.0,0.0,0.0,58.014,54.145,9.4542,18.289,19.871,17.291,1.0543,0.7338,2.7034,6.3843,5.1241,12.219,0.17527,0.9863,0.28133,0.91817
165,0.6916399999999999,3.4566,4.2625,0.41543,1.0994,0.7814,1.0396,1.8818,0.16069,0.00023,2.4e-05,0.0,0.0,0.0,0.0,54.257,47.816,3.2446,14.463,17.22,11.003,1.7286,1.2248,4.999,9.1344,6.7324,35.322,0.12665,0.99049,0.33976,0.94094
166,0.81515,3.1885,3.9263,0.45494,1.1229,0.7777,1.0248,1.7284,0.16180999999999998,0.000349,9.9e-05,0.0,0.0,0.0,0.0,57.192,54.993,13.635,14.925999999999998,16.340999999999998,14.982,1.4646,1.0718,1.888,8.5733,6.7828,7.818,0.1166,0.99108,0.35646,0.94429
167,0.77977,3.2322,4.0144,0.44783,1.1184,0.7733300000000001,1.0328,1.7624,0.16265,0.00032900000000000003,0.000162,0.0,0.0,0.0,0.0,60.3,55.478,2.539,14.92,16.25,9.6528,1.1878,0.84405,5.2066,6.6207,5.6525,36.878,0.11982,0.99177,0.34124,0.94365
168,0.59707,3.8012,4.5877,0.16521,1.0139,0.78086,1.0591,2.0269,0.16009,5e-06,4.7e-05,0.0,0.0,0.0,0.0,51.702,45.135,2.5563,16.441,19.045,9.1393,1.4014,1.038,5.3248,8.1357,5.9253,39.633,0.1714,0.98787,0.2715,0.91964
169,0.70025,3.4161,4.2362,0.39031,1.0861,0.77793,1.0495,1.8666,0.16122999999999998,0.000177,1.2e-05,0.0,0.0,0.0,0.0,52.525,48.822,6.7327,14.734000000000002,16.611,12.877,2.0127,1.5852,2.9081,10.657,8.1794,14.645,0.13413,0.99027,0.33096,0.93713
170,0.74892,3.3568,4.0963,0.32898,1.0589,0.77112,1.0413,1.7978,0.16237,8.6e-05,7.6e-05,0.0,0.0,0.0,0.0,53.167,44.769,3.8785,14.628,17.761,11.386,1.6442,1.0509,4.3663,8.9458,6.2587,28.436,0.14935,0.98961,0.28605,0.93114
171,0.6430600000000001,3.56,4.4206,0.40135,1.0918,0.77786,1.0481,1.9475,0.16132,0.0002,5.600000000000001e-05,0.0,0.0,0.0,0.0,53.122,46.31100000000001,5.2225,14.937,17.746,13.117,1.6464,1.1664,3.7818,8.877,6.5591,21.43,0.13627999999999998,0.99051,0.3008,0.93741
172,0.64473,3.5689,4.4148,0.43554,1.1109,0.76903,1.0292,1.9331,0.16344,0.000293,7e-05,0.0,0.0,0.0,0.0,52.19300000000001,40.667,6.3466,14.952,18.914,13.156,2.2333,1.5347,2.8421,11.95,7.6983,12.537,0.14412,0.9902,0.25104,0.93116
173,0.74388,3.3146,4.1101,0.39356,1.0878,0.78027,1.0502,1.8137,0.16077,0.000182,2.7e-05,0.0,0.0,0.0,0.0,53.333,45.161,5.7301,15.159,18.202,14.019,1.7051,1.148,3.5273,8.515,6.0253,19.284,0.19936,0.98308,0.26706,0.90831
174,0.74035,3.2254,4.1199,0.53149,1.1805,0.78247,1.0399,1.8159,0.16196,0.0007099999999999999,1e-05,0.0,0.0,0.0,0.0,57.81,48.545,8.3073,14.278,17.457,15.121,2.0571,1.419,2.6953,10.225,7.0165,12.203,0.13913,0.98859,0.34971,0.93496
175,0.7972199999999999,3.2615,3.9702,0.24925,1.0326,0.77864,1.0571,1.7514,0.16062,2.7e-05,6.3e-05,0.0,0.0,0.0,0.0,45.718,38.59,2.4974,16.646,19.209,9.3302,0.66042,0.59287,5.2413,5.4774,4.3482,36.738,0.17532,0.9884,0.22419,0.91632
176,0.58724,3.483,4.6259,0.48894,1.1464,0.77276,1.0905,2.0285,0.16327,0.000491,0.000133,1e-06,0.0,0.0,0.0,61.697,59.319,5.9999,14.915,15.747,13.457,1.8204,1.4825,3.3357,10.435,8.4481,16.317999999999998,0.11797,0.99156,0.35097,0.94624
177,0.81634,3.0868,3.9235,0.51297,1.1649,0.7801100000000001,1.0401,1.7276,0.1621,0.000603,3.4e-05,0.0,0.0,0.0,0.0,49.723,45.245,2.5948,14.39,16.652,8.366,1.7106,1.1655,5.6772,9.0903,6.4396,52.841,0.17556,0.98625,0.28793,0.91835
178,0.65281,3.5219,4.3874,0.4578,1.1248,0.77865,1.0365,1.9324,0.16165,0.00035800000000000003,4.6e-05,0.0,0.0,0.0,0.0,50.212,39.225,4.1323,16.533,20.301,12.595999999999998,1.9202,1.3471,4.3552,9.536,6.3002,26.866,0.18707,0.98794,0.21459,0.91241
179,0.7286100000000001,3.4423,4.1530000000000005,0.31472,1.0535,0.78138,1.039,1.8349,0.16019,7e-05,1.8e-05,0.0,0.0,0.0,0.0,59.757,57.692,13.964,14.57,15.495,16.459,1.3663,1.0963,1.8617,8.221,6.7908,7.8686,0.12384,0.99005,0.34443,0.94228
180,0.70785,3.4503,4.2134,0.35471,1.0695,0.78182,1.0441,1.8617,0.16024000000000002,0.000116,1.2e-05,0.0,0.0,0.0,0.0,47.514,42.378,3.9967,15.432,17.575,12.024,1.5983,1.2753,4.4418,8.6811,6.7168,28.249,0.17692,0.98645,0.25525,0.91747
181,0.65296,3.5671,4.3869,0.39647,1.0893,0.7812,1.0415,1.9369,0.1606,0.000188,4e-06,0.0,0.0,0.0,0.0,51.541,45.774,6.5562,15.322,17.283,14.234000000000002,1.8159,1.4582,3.2447,9.4133,7.2074,16.506,0.16044,0.98706,0.30659000000000003,0.92501
182,0.7094199999999999,3.3908,4.2087,0.37826,1.0803,0.77258,1.0497,1.8483,0.16228,0.000156,4.9e-05,0.0,0.0,0.0,0.0,55.469,39.743,4.8243,13.848,18.638,12.736,2.2011,1.4274,3.886,11.356,7.1283,22.184,0.17823,0.98724,0.25024,0.91652
183,0.71992,3.4705,4.178,0.083513,1.0035,0.76854,1.0535,1.8313,0.16265,0.0,1.6e-05,0.0,0.0,0.0,0.0,51.997,41.51300000000001,1.8048,14.342,17.544,7.6004,1.8945,1.2687,6.1157,10.715,7.329,50.981,0.15109,0.98953,0.28012,0.92846
184,0.45627,2.7199,5.247999999999998,0.88897,2.1836,0.77899,1.1524,2.1499,0.21194,0.019169,1.8e-05,2e-06,0.0,0.0,0.0,68.736,59.969,21.138,15.874,17.793,20.487,0.18427,0.038706,0.72848,4.1884,4.0303,2.8594,0.14984,0.9895,0.2398,0.93068
185,0.47393,3.1245,5.1493,0.84978,1.897,0.77766,1.0552,2.1589,0.19483,0.012122,0.000101,1.5e-05,0.0,1e-06,0.0,78.972,73.29899999999998,40.417,15.097,16.259,20.257,0.47225,0.33602,0.14557,5.8666,5.6815,4.0383,0.16077,0.98546,0.25743,0.92833
186,0.5321100000000001,2.8483,4.8596,0.8636299999999999,1.9837,0.7781100000000001,1.0686,2.0235,0.19982,0.014122999999999997,0.000138,2.3e-05,0.0,2e-06,0.0,70.382,66.055,40.337,18.648,19.211,23.426,0.20067,0.08006,0.10959,4.0637,4.0878,2.8299,0.18275,0.98491,0.20736,0.91588
187,0.4174,3.0196,5.4869,0.86635,2.0023,0.77458,1.1302,2.276,0.20186,0.014705,0.000128,2.7e-05,0.0,3e-06,0.0,76.48899999999998,71.874,23.616,16.608,18.271,23.048,0.25752,0.10018,0.89591,4.6101,4.6269,3.7052,0.16041,0.98726,0.22816,0.92624
188,0.4084,3.5941,5.5471,0.67809,1.3606,0.77567,1.1653,2.414,0.16885,0.002541,2.3e-05,1e-06,0.0,0.0,0.0,79.06,76.36,29.405,18.878,21.323,29.136,0.030022000000000007,-0.11212,0.62256,3.2249,3.1,2.3637,0.16602,0.98705,0.21521,0.92238
189,0.43583,3.1055,5.3697,0.85372,1.9204,0.77567,1.0989,2.2441,0.19669,0.012719,0.000165,2.5e-05,0.0,3e-06,0.0,71.575,66.83800000000001,23.96,17.018,18.132,22.63,0.30904,0.052847000000000005,0.7327899999999999,4.2665,4.2411,3.0588,0.15979000000000002,0.98817,0.22855,0.92596
190,0.39527,3.5294,5.6384,0.74441,1.4976,0.77453,1.1489,2.4314,0.17473,0.004485,7e-05,4e-06,0.0,0.0,0.0,70.47800000000002,68.93,18.612,18.487,19.306,21.406,0.5272,0.34448,1.3079,4.8999,4.4495,5.0517,0.17182,0.98753,0.22513,0.92234
191,0.46584,3.0398,5.1938,0.83554,1.82,0.7769199999999999,1.1163,2.1901,0.19061,0.010448,6.1e-05,8e-06,0.0,1e-06,0.0,72.557,69.171,26.788,17.194000000000006,18.017,22.914,0.445,0.22772,0.69511,4.6956,4.6405,3.3952,0.17499,0.98602,0.21971,0.92003
192,0.45909,2.991,5.2319,0.84496,1.8698,0.77778,1.1282,2.1985,0.19323,0.011507,7.099999999999999e-05,9e-06,0.0,1e-06,0.0,66.80199999999999,63.102,29.289,17.584,18.646,22.404,0.22261,0.065968,0.43828,4.4786,4.2839,2.7879,0.17060999999999998,0.98763,0.22418,0.92099
193,0.45099,3.1071,5.2786,0.8498600000000001,1.8975,0.77791,1.0878,2.2134,0.19479,0.012124,8.9e-05,1.5e-05,0.0,2e-06,0.0,79.202,68.623,26.143,15.753,17.715999999999994,22.875,0.20974,0.014767,0.56255,3.7553,3.9043,2.6582,0.15471,0.98758,0.22887,0.92781
194,0.42831,3.3384,5.4166,0.74745,1.5053,0.77386,1.1633,2.3335,0.17523,0.004613,4.8e-05,1e-06,0.0,0.0,0.0,73.31,75.126,2.517,15.444,16.865,9.9949,0.040791,-0.12643,6.1237,4.6098,4.2768,53.728,0.15189,0.98866,0.24752,0.93089
195,0.5070600000000001,3.2734,4.9782,0.74412,1.4969,0.7794300000000001,1.0974,2.1536,0.1736,0.004417,6e-05,3e-06,0.0,0.0,0.0,67.62100000000001,72.017,7.9338,20.285,20.104,17.500999999999998,0.28969,0.15168,2.7597,3.6392,3.5956,11.743,0.19761,0.98445,0.2101,0.90924
196,0.4724100000000001,3.005,5.1576,0.82857,1.7861,0.7760600000000001,1.1314,2.1795,0.18893,0.009752,7.6e-05,9e-06,0.0,1e-06,0.0,75.243,72.97,39.583,16.653,16.741,21.352,0.4367,0.34094,0.069097,4.6967,4.7232,3.0694,0.16521,0.98688,0.23312,0.92293
197,0.42571,3.0284,5.4331,0.86195,1.9724,0.7771,1.1261,2.2629,0.19941,0.013891999999999998,8.3e-05,1.7e-05,0.0,2e-06,0.0,76.12,66.646,28.892,17.348,18.928,23.719,0.29276,0.13506,0.4985600000000001,3.5648,3.77,2.7153,0.16351,0.98788,0.2259,0.92423
198,0.42425,3.1432,5.4425,0.8240700000000001,1.7653,0.77523,1.1475,2.3024,0.18799,0.009341,0.00012,1.4e-05,0.0,1e-06,0.0,74.40899999999998,62.716,25.947,17.852999999999994,20.916,25.393,0.52688,0.2194,0.72637,3.4853,3.423,2.6964,0.17600000000000002,0.98715,0.21572,0.91792
199,0.37511,3.5918,5.7879999999999985,0.7377,1.4812,0.77203,1.1634,2.4945,0.17457,0.004258,7.099999999999999e-05,3e-06,0.0,0.0,0.0,66.516,68.491,8.1893,17.662,18.268,16.982,0.52123,0.26397,2.854,4.7181,4.4982,13.236,0.16543,0.98853,0.23993,0.9244
200,0.43989,2.9301,5.3448,0.8622700000000001,1.9746,0.77644,1.1439,2.2248,0.19971,0.013965,7.6e-05,1.1e-05,0.0,1e-06,0.0,69.585,59.931,18.815,15.186,17.557000000000002,20.086,0.5492600000000001,0.2676,1.0181,4.5957,4.3777,3.6908,0.15369000000000002,0.9895,0.25242,0.92846
201,0.37814,3.5054,5.7647,0.72497,1.4518,0.77023,1.1978,2.4863,0.1737,0.003834,3e-06,5e-06,0.0,0.0,0.0,68.271,65.286,5.4781,20.84,23.034,15.333,0.11613,-0.086662,3.6107,3.3668,3.361,18.604,0.29717,0.9794,0.19351,0.8761700000000001
202,0.38692,3.254,5.699,0.8483700000000001,1.8889,0.7783899999999999,1.1243,2.392,0.19418,0.011916,3.4e-05,6e-06,0.0,1e-06,0.0,76.148,67.26100000000001,26.392,17.433,20.038,25.598000000000006,0.7964600000000001,0.47727,1.0092,4.7895,4.4889,4.1569,0.18709,0.98579,0.21677,0.91677
203,0.42037,3.4285,5.4675,0.72427,1.4503,0.77407,1.1651,2.3642,0.17277,0.003773,9.7e-05,5e-06,0.0,0.0,0.0,81.08,73.77199999999998,17.936,18.12,19.617,22.412,0.069219,-0.19692,1.1719,3.4151,3.6397,3.8447,0.18172,0.98593,0.21801,0.91555
204,0.46473,3.0658,5.2,0.8337,1.8109,0.77818,1.1119,2.1961,0.18979,0.01022,6.4e-05,9e-06,0.0,1e-06,0.0,75.422,64.608,23.241,15.818,17.891,21.466,0.38289,0.12805,0.687,3.759,4.0075,2.9243,0.15976,0.988,0.22913000000000006,0.92647
205,0.44734,3.1847,5.3001,0.8196200000000001,1.7455,0.7812,1.1134,2.2543,0.18548,0.0088,1e-05,0.0,0.0,0.0,0.0,78.111,76.286,29.213,15.977,16.457,21.411,0.1232,-0.027697000000000003,0.43607,4.8587,4.9181,3.1234,0.14284000000000002,0.98794,0.25197,0.93383
206,0.43869,3.208,5.3521,0.85229,1.9118,0.778,1.0643,2.2417,0.1956,0.012446,0.000125,2.3e-05,0.0,3e-06,0.0,77.425,70.247,22.071,14.968,16.082,20.382,-0.000701,-0.17314000000000002,0.68071,4.3184,4.6914,3.0692,0.15157,0.98728,0.23616,0.92935
207,0.67162,2.5293,4.3256,0.8390000000000001,1.8378,0.77858,1.1131,1.8233,0.19121,0.010784,2.9e-05,3e-06,0.0,0.0,0.0,59.17,62.08600000000001,23.517,16.054000000000002,16.792,16.877,-0.50549,-0.49319,0.47915,5.877999999999999,5.2883,3.5860000000000003,0.16940999999999998,0.98744,0.23456,0.92051
208,0.55766,2.463,4.747,0.89764,2.269,0.767,1.1206,1.9157,0.2208,0.022194,0.000297,0.000103,0.0,1.5e-05,0.0,50.706,52.191,9.2254,15.52,15.757,14.758,0.7287899999999999,0.67467,2.3680000000000003,6.3382,5.9281,10.07,0.15562,0.98937,0.314,0.93703
209,0.61036,2.7496,4.5374,0.8018,1.6734,0.76784,1.1179,1.9239,0.18485,0.007668,2.6e-05,0.0,0.0,0.0,0.0,75.821,78.5,46.88,13.83,13.998,16.994,-0.20054,-0.38443,-0.72007,5.7012,5.0933,4.1483,0.12967,0.98795,0.31705,0.93986
210,0.61852,2.5292,4.5074,0.8790100000000001,2.0973,0.77949,1.0865,1.8607,0.20639,0.016883000000000002,1.3e-05,2e-06,0.0,0.0,0.0,50.825,48.827,2.0911,14.818,15.466,8.2196,0.5222100000000001,0.24343,6.4151,6.6917,5.5429,57.569,0.14285,0.99034,0.32528,0.94077
211,0.60438,2.8074,4.5599,0.83115,1.7984,0.78341,1.072,1.9341,0.18784,0.009824,4e-06,0.0,0.0,0.0,0.0,60.815,63.166,5.922999999999999,15.746,16.518,10.467,-0.8478600000000001,-0.85175,2.3937,5.7053,5.367000000000001,10.116,0.17492,0.98608,0.24559,0.91797
212,0.56012,2.7033,4.7366,0.84777,1.8855,0.76298,1.1146,1.9689,0.1979,0.012323,5e-06,1e-06,0.0,0.0,0.0,57.44,56.32100000000001,22.771,13.613,14.63,15.425999999999998,-0.079167,-0.29793000000000003,0.71007,8.1225,6.4646,4.819,0.15344000000000002,0.9893,0.30384,0.93352
213,0.6483800000000001,2.5397,4.4024,0.8460200000000001,1.8756,0.78017,1.118,1.8519,0.19297,0.011566,3e-06,0.0,0.0,0.0,0.0,61.276,67.619,14.834,15.433,15.896,13.989,-0.20561,-0.35317,0.95985,5.7842,4.8644,4.3242,0.18806,0.98564,0.22537,0.91153
214,0.57333,2.7435,4.6817,0.8259299999999999,1.7738,0.77893,1.1308,1.984,0.18756,0.009426,8e-06,0.0,0.0,0.0,0.0,62.423,60.584,29.389,12.255,12.827,14.9,0.30332,0.01091,0.47732,9.0392,7.3057,5.5448,0.16671,0.98775,0.27246,0.92397
215,0.65866,2.5825,4.3679,0.8250700000000001,1.7698,0.77276,1.1176,1.8442,0.18884,0.009495,5.1e-05,7.000000000000002e-06,0.0,1e-06,0.0,77.71600000000002,76.655,28.894,13.130999999999998,13.653,17.512,0.076324,-0.097563,0.22735,6.8805,6.7368,3.6617,0.12855,0.98853,0.30954,0.9427
216,0.60115,2.8605,4.5721,0.78646,1.6191,0.78123,1.1103,1.9633,0.17894000000000002,0.006418000000000001,1.3e-05,1e-06,0.0,0.0,0.0,57.652,53.858,1.3429,14.656,16.155,7.3083,-0.46854,-0.68429,7.4355,6.2354,5.0292,67.759,0.13189,0.99069,0.33653,0.94149
217,0.6288600000000001,2.5627,4.4702,0.86161,1.9701,0.7803100000000001,1.0978,1.8661,0.19846,0.013723,2e-06,0.0,0.0,0.0,0.0,63.832,62.774,28.782,14.513,15.593,16.910999999999998,-0.20463,-0.42603,0.05633,6.4177,5.3826,3.46,0.19566,0.98481,0.2233,0.91071
218,0.63243,2.6364,4.4576,0.8431299999999999,1.8597,0.7810199999999999,1.0957,1.8786,0.19185,0.011192,9e-06,0.0,0.0,0.0,0.0,65.03699999999999,67.432,22.133000000000006,14.205,14.494000000000002,16.406,-0.41377,-0.38813,0.51827,6.1703,5.6434,3.2058,0.16513,0.98599,0.22998,0.92386
219,0.6138899999999999,2.8853,4.5244,0.7882100000000001,1.6249,0.78198,1.0878,1.9429,0.17906,0.006509999999999999,9e-06,0.0,0.0,0.0,0.0,66.812,71.767,12.318,17.07,17.194000000000006,14.612,-0.7692899999999999,-0.85121,1.2762,5.4118,5.1475,4.3529,0.1767,0.98479,0.22205,0.91557
220,0.6110300000000001,2.8411,4.535,0.78981,1.6304,0.78009,1.1041,1.9443,0.17976,0.006640000000000001,3.2e-05,5e-06,0.0,0.0,0.0,75.175,73.618,22.929,13.269,13.991,15.873,-0.07713300000000001,-0.4983,0.35648,6.5351,6.0765,3.2989,0.14426,0.98761,0.26997,0.93159
221,0.5955,2.7024,4.5937,0.8411299999999999,1.849,0.77959,1.1038,1.9358,0.19159,0.010999,5e-06,1e-06,0.0,0.0,0.0,59.252,57.63,15.396,14.063,15.238,14.912,0.061074,-0.18685,1.2597,7.3909,5.9014,5.5724,0.15168,0.98883,0.29774,0.93259
222,0.59848,2.6114,4.5822,0.85425,1.9236,0.77933,1.1169,1.919,0.19596,0.012673,8e-06,1e-06,0.0,0.0,0.0,58.88800000000001,57.21,23.971,12.494000000000002,13.64,14.501,0.011965,-0.14452,0.57382,8.1242,6.6011,4.8484,0.14806,0.98929,0.30927,0.93599
223,0.61083,2.5301,4.5357,0.86723,2.0084,0.77772,1.1155,1.8843,0.20141,0.014734,3.2e-05,1.2e-05,0.0,1e-06,0.0,52.926,62.507,2.9784,15.772,15.729,7.9622,-0.41857,-0.51258,4.3384,5.4355,5.3536,30.932,0.16275,0.98819,0.28095,0.92526
224,0.62373,2.6983,4.4886,0.8543200000000001,1.924,0.7803800000000001,1.0594,1.881,0.19572,0.012649,4.7e-05,7.000000000000002e-06,0.0,1e-06,0.0,57.694,56.31,22.52,12.928,13.777,14.545,-0.002165,-0.16655,0.43984,6.8279,5.9551,3.6305,0.14019,0.98883,0.3188,0.93942
225,0.6421899999999999,2.6759,4.4236,0.8306399999999999,1.796,0.78141,1.0904,1.8743,0.18818,0.009823,2.9e-05,4e-06,0.0,0.0,0.0,67.61399999999999,70.26899999999999,23.994,13.862,14.404000000000002,15.722,-0.8314,-0.81892,0.05850900000000001,6.2371,5.6484,2.5257,0.151,0.98722,0.24533,0.92901
226,0.6401399999999999,2.76,4.4306,0.80148,1.6722,0.7790699999999999,1.0957,1.8925,0.18212,0.007426,2.8000000000000006e-05,2e-06,0.0,0.0,0.0,67.617,71.832,6.207000000000002,16.121,16.73,10.437,-0.62834,-0.65409,2.9414,5.9023,5.4328,17.909000000000006,0.17504,0.986,0.22344,0.91772
227,0.6403399999999999,2.6536,4.43,0.8372200000000001,1.8286,0.77851,1.0893,1.8686,0.19071,0.010588,4.6e-05,8e-06,0.0,1e-06,0.0,58.802,58.663,9.3871,13.616,15.265,11.407,-0.08154299999999999,-0.38963,1.7487,7.569,5.6918,8.4255,0.14812,0.9893,0.30884,0.93198
228,0.55248,2.7483,4.7692,0.8428899999999999,1.8585,0.7734300000000001,1.1195,2.0003,0.19366,0.011384,0.000118,2.3e-05,0.0,2e-06,0.0,60.354,57.29600000000001,5.5692,12.581,13.927,10.390999999999998,0.17632,-0.24273000000000006,3.6149,8.6171,6.7769,24.327,0.13429000000000002,0.99071,0.33677,0.93973
229,0.70598,2.5384,4.2189999999999985,0.845,1.87,0.78018,1.0736,1.7756,0.19264,0.01144,4.9e-05,1.1e-05,0.0,1e-06,0.0,68.887,68.596,15.818,15.121,15.209,16.191,-0.20922,-0.4364,1.1321,5.5013,5.1694,4.3209,0.16092,0.9859,0.22961,0.92516
230,0.4591,3.6947,5.2318,0.49813,1.1533,0.73606,1.1313,2.2386,0.17155,0.00059,0.000602,1e-06,0.0,0.0,0.0,74.134,62.738,23.263,13.679,16.566,19.78,0.6160100000000001,0.056218,0.8506600000000001,6.6326,5.4556,4.5426,0.13814,0.99071,0.26005,0.93905
231,0.58658,3.3411,4.6285,0.34486,1.0654,0.77378,1.1806,2.0347,0.16187,0.000105,4.6e-05,0.0,0.0,0.0,0.0,68.411,62.58600000000001,6.0122,13.678,16.656,12.433,0.5832,0.21758,3.6201,6.4162,5.3627,23.468000000000004,0.16435,0.98746,0.26135,0.92701
232,0.58314,3.4141,4.6421,0.3493,1.0672,0.76558,1.1516,2.0298,0.16362000000000002,0.000113,0.000223,0.0,0.0,0.0,0.0,72.473,62.04,15.13,12.369000000000002,15.630999999999998,17.168,0.34548,-0.068286,1.4205,6.2705,5.4216,6.6116,0.15286,0.9881,0.24365,0.9296
233,0.4703100000000001,3.6094,5.1691,0.2392,1.0299,0.74941,1.2216,2.2372,0.16687000000000002,2.4e-05,0.000413,0.0,0.0,0.0,0.0,74.96300000000002,62.595,16.016,12.236,15.417,17.863,0.6929,0.14322,1.4813,7.4273,6.2076,6.9055,0.15982000000000002,0.98896,0.24884,0.92969
234,0.54142,3.4985,4.8177,0.39981,1.091,0.76188,1.1508,2.1006,0.16469,0.000205,0.000315,0.0,0.0,0.0,0.0,72.292,61.209,14.119000000000002,11.679,14.278,16.439,0.77471,0.3608,1.9064,8.9709,7.7261,9.6709,0.1466,0.98983,0.27295,0.93421
235,0.56313,3.4532,4.7239,0.074811,1.0028,0.76431,1.1943,2.0649,0.16355,0.0,0.00022200000000000006,0.0,0.0,0.0,0.0,83.706,65.486,23.942,13.654000000000002,17.408,20.897,0.32473,0.048033,0.63577,4.6302,4.7593,3.0148,0.15665,0.98796,0.23617,0.92766
236,0.55588,3.2028,4.7546,0.48382,1.1426,0.75489,1.2066,2.0609,0.16706,0.00049,0.000424,2e-06,0.0,0.0,0.0,71.482,61.381,21.902,14.174,16.92,20.161,0.28467,-0.022078,0.84878,5.4782,5.0484,3.9852,0.16449,0.98835,0.23703,0.92738
237,0.55814,3.4925,4.745,0.33903,1.063,0.76532,1.1528,2.0745,0.16363,0.0001,0.000176,0.0,0.0,0.0,0.0,69.58,56.738,8.5676,11.659,15.219,14.285,0.77408,0.033429,2.3867,7.0695,5.9585,11.765999999999998,0.13305,0.99082,0.30593000000000004,0.94128
238,0.48759,3.477,5.0766,0.36212,1.0728,0.7541,1.2241,2.2029,0.16617,0.000136,0.000311,0.0,0.0,0.0,0.0,75.899,65.589,19.576,13.038,15.5,18.068,0.76235,0.28669,1.0738,8.5943,5.7278,5.3096,0.14941,0.98932,0.24838,0.93295
239,0.55684,3.4695,4.7505,0.37987,1.081,0.76276,1.1501,2.0729,0.16438,0.00016299999999999998,0.000213,0.0,0.0,0.0,0.0,72.47800000000002,62.084,28.903,13.029000000000002,15.377,19.175,0.18898,-0.15179,0.31401,5.6453,5.8369,3.1438,0.14452,0.98966,0.24594,0.93312
240,0.5706600000000001,3.2688,4.6926,0.43188,1.1087,0.75957,1.1882,2.0422,0.16544,0.00029,0.000317,1e-06,0.0,0.0,0.0,70.819,60.063,30.987,12.424,15.098,18.702,0.34788,0.023453,0.19173,5.9114,5.8631,3.5406,0.13163,0.99069,0.25219,0.9392
241,0.5152800000000001,3.5223,4.9384,0.40048,1.0913,0.75259,1.1643,2.14,0.16673,0.000211,0.000273,1e-06,0.0,0.0,0.0,72.445,57.26,17.421,13.359000000000002,17.27,18.305,0.50272,-0.11987,1.2081,5.3999,5.3158,5.0506,0.14262,0.99049,0.26292,0.93682
242,0.55916,3.5368,4.7406,0.42322,1.1037,0.76043,1.1126,2.0645,0.16518,0.000264,0.000305,1e-06,0.0,0.0,0.0,73.913,60.806,26.917,13.470999999999998,17.302,20.138,0.24224,-0.29113,0.42918,5.2184,4.9038,3.2342,0.1507,0.98908,0.23127,0.9305
243,0.5603100000000001,3.2309,4.7358,0.43586,1.1111,0.7679699999999999,1.2186,2.0722,0.16367,0.000295,0.000186,1e-06,0.0,0.0,0.0,72.999,60.19600000000001,13.365,12.925999999999998,16.104,17.339000000000002,0.58616,0.091324,1.6696,6.0366,5.7906,7.0477,0.15139,0.98956,0.25784,0.93142
244,0.50568,3.6153,4.985,0.28869,1.0445,0.7587,1.1752,2.1705,0.16491,5.1e-05,0.000204,0.0,0.0,0.0,0.0,76.47,63.46,30.491,13.938,17.066,20.8,0.48288,-0.005612,0.28895,4.8942,5.0344,2.8845,0.15108,0.98888,0.23448,0.93066
245,0.53975,3.3867,4.8251,0.40526,1.0939,0.76661,1.1927,2.1102,0.16371,0.000215,0.000232,1e-06,0.0,0.0,0.0,74.708,61.11600000000001,10.372,11.794,14.271,15.541,0.7486,0.30802,2.2099,6.5733,6.5469,10.863,0.14681,0.98957,0.27038,0.93426
246,0.51378,3.5136,4.9456,0.18399,1.0174,0.75346,1.2113,2.1464,0.16592,8e-06,0.000394,0.0,0.0,0.0,0.0,71.455,59.84,12.52,13.505,16.776,17.180999999999994,0.6360600000000001,0.23419,1.9481,6.6045,5.2236,8.8542,0.15066,0.98971,0.26354,0.93363
247,0.51784,3.4976,4.9261,0.30288000000000004,1.0493,0.74761,1.1888,2.1291,0.16739,6.500000000000001e-05,0.000509,0.0,0.0,0.0,0.0,70.395,58.169,18.403,12.528,15.586,17.86,0.51749,-0.005065999999999999,1.0919,6.5873,5.8543,4.7744,0.1235,0.99191,0.27998,0.94493
248,0.52344,3.4263,4.8997,0.38038,1.0813,0.7633800000000001,1.2016,2.1389,0.16425,0.000164,0.000231,0.0,0.0,0.0,0.0,79.23,63.03,29.91,11.512,14.577,18.417,0.44072,0.016028,0.2382,5.9646,6.2515,3.5039,0.14146,0.98954,0.24743,0.93398
249,0.4922,3.9483,5.0528,0.4452,1.1168,0.76165,1.0568,2.2015,0.16512000000000002,0.00033,7.5e-05,4e-06,0.0,0.0,0.0,75.39,65.161,29.989,12.159,14.257,18.225,0.71197,0.28997,0.5148699999999999,7.1805,6.8855,4.9841,0.17008,0.98622,0.23198,0.92229
250,0.54678,3.5184,4.794,0.33662,1.062,0.75859,1.1516,2.0868,0.16508,9.8e-05,0.00027,0.0,0.0,0.0,0.0,75.998,66.666,31.792,13.372,15.289,19.598,0.096715,-0.10771,0.33147,6.4667,6.089,4.0193,0.14452,0.98853,0.24891,0.93338
251,0.46346,3.866,5.2071,0.48362,1.1425,0.75339,1.0938,2.2548,0.16739,0.000491,0.000188,2e-06,0.0,0.0,0.0,68.816,54.523,13.463,12.302,15.929,16.132,0.59597,0.11248,1.6909999999999998,7.2154,5.7723,7.712999999999999,0.14400000000000002,0.99043,0.2925,0.93705
252,0.46928,3.6524,5.1748,0.30849,1.0513,0.76218,1.2064,2.2582,0.16421,6.7e-05,0.000271,0.0,0.0,0.0,0.0,68.958,57.75899999999999,8.2159,13.899,16.835,14.416,0.32322,0.06628200000000001,2.7129,5.9642,5.1784,14.54,0.14413,0.99029,0.27067,0.93575
253,0.64547,3.2928,4.4123,0.27589,1.0404,0.75922,1.1447,1.9219,0.16477,4.2e-05,0.000344,1e-06,0.0,0.0,0.0,62.495,56.837,10.56,15.851,18.945,15.077,0.8215,0.34313,1.5879,6.9382,5.0395,5.3264,0.17225,0.9889,0.25402,0.91707
254,0.6714600000000001,3.0665,4.3261,0.27552,1.0403,0.74373,1.1928,1.865,0.1682,4.4e-05,0.00056,5e-06,0.0,0.0,0.0,66.385,55.877,5.3171,15.437,20.26,11.775,1.0419,0.45774,3.0461,7.2773,5.0094,14.53,0.17493,0.98888,0.25894,0.9167
255,0.62669,2.5838,4.4779,0.74844,1.5078,0.70558,1.1856,1.8418,0.19231,0.005597,0.00225,0.000305,0.0,2.3e-05,0.0,66.479,61.99100000000001,3.5772,15.92,18.973,9.5525,0.4235,0.088676,3.4784,4.9736,4.124,16.769000000000002,0.17374,0.98891,0.25687,0.91797
256,0.65415,2.9996,4.383,0.43662,1.1115,0.74412,1.1955,1.8878,0.16892,0.000317,0.000672,1e-05,0.0,0.0,0.0,66.381,56.411,10.925999999999998,15.409,19.095,16.343,1.0036,0.41558,1.6235,6.502000000000002,4.9243,5.098,0.1396,0.99121,0.26975,0.93242
257,0.67364,3.3404,4.3191,0.45294,1.1217,0.75972,1.0641,1.8792,0.16562000000000002,0.00035800000000000003,0.000382,0.0,0.0,0.0,0.0,62.319,54.31399999999999,8.3178,14.761,18.62,13.527,0.90535,0.28091,1.9389,6.9811,4.975,6.9141,0.15675999999999998,0.99008,0.27118000000000003,0.92425
258,0.6712600000000001,2.8428,4.3267,0.5381199999999999,1.1864,0.7360800000000001,1.1988,1.8493,0.17231,0.000851,0.000284,8e-06,0.0,0.0,0.0,69.087,59.692,18.145,16.840999999999998,21.177,19.614,0.99772,0.32327,0.91287,6.0381,4.5326,3.0147,0.1804,0.98791,0.22571,0.91297
259,0.60454,2.7141,4.5593,0.70687,1.4137,0.71975,1.1986,1.9054,0.18418,0.003762,0.001382,0.000107,0.0,7.000000000000002e-06,0.0,65.189,69.255,15.568,20.457,20.313,20.462,0.49714,0.19619,1.3374,4.206,3.6266,4.1004,0.16139,0.98876,0.22418,0.92149
260,0.6956899999999999,3.1564,4.2501,0.19406,1.0194,0.7582300000000001,1.1613,1.8503,0.16489,1e-05,0.000267,0.0,0.0,0.0,0.0,63.892,55.778,14.892,15.869000000000002,19.623,17.345,1.0145,0.36431,1.1317,7.18,5.214,3.7888,0.17363,0.98775,0.24572,0.91666
261,0.64289,2.8859,4.4212,0.4929,1.1493,0.74292,1.2317,1.9008,0.16989,0.000552,0.000617,1.9e-05,0.0,0.0,0.0,63.676,52.592,8.0544,15.046,19.74,13.609000000000002,1.0616,0.36146,2.035,7.0261,4.8954,7.3837,0.15721,0.99048,0.2755,0.92494
262,0.66627,2.8527,4.3429,0.59859,1.2484,0.75778,1.1861,1.8787,0.16903,0.001361,0.00049,2.2e-05,0.0,1e-06,0.0,64.78399999999999,64.218,16.347,18.744,19.291,19.716,0.55974,0.36511,1.2754,5.9709,5.1001,4.3856,0.17154,0.98817,0.22981,0.91721
263,0.60692,3.1311,4.5503,0.37802,1.0801,0.7374,1.2007,1.9523,0.17002,0.000171,0.000705,1.1e-05,0.0,0.0,0.0,59.471,54.944,7.7573,16.555,18.817,13.852,0.8641200000000001,0.45912,2.234,6.776,5.2465,8.4385,0.14645999999999998,0.99113,0.28397,0.93021
264,0.68153,3.1804,4.294,0.33906,1.063,0.7532,1.1365,1.8625,0.16627,0.000103,0.000424,3e-06,0.0,0.0,0.0,65.043,50.591,6.7166,14.811,20.077,12.554,1.2266,0.42918,2.3605,7.9422,5.0304,9.2489,0.15728,0.99012,0.27196,0.92458
265,0.67004,3.0438,4.3307,0.4093,1.096,0.75176,1.1784,1.8755,0.16697,0.000233,0.0005809999999999999,1.1e-05,0.0,0.0,0.0,61.415,55.07,7.5996,16.477999999999998,19.698,13.771,0.82395,0.38993,2.1781,6.386,4.7954,7.8820000000000014,0.16416,0.98975,0.26283,0.92101
266,0.66852,3.2047,4.3356,0.27818000000000004,1.0411,0.7592300000000001,1.1553,1.8885,0.16477,4.4e-05,0.000372,2e-06,0.0,0.0,0.0,63.338,57.047,13.859000000000002,16.298,19.453,17.439,0.75452,0.30939,1.2199,5.4325,4.3689,3.8136,0.16422,0.98928,0.24338,0.92091
267,0.5252600000000001,3.3115,4.8912,0.56831,1.2153,0.74788,1.1587,2.1049,0.17033,0.001076,0.000585,2e-05,0.0,0.0,0.0,59.602,51.684,1.5333,17.715,21.077,6.9067,0.98509,0.43014,6.1272,6.6478,4.7624,48.923,0.1664,0.98976,0.26275,0.92031
268,0.71195,3.1055,4.2013,0.41683,1.1001,0.76588,1.1288,1.8363,0.16395,0.000243,0.000297,2e-06,0.0,0.0,0.0,66.375,53.128,8.8085,15.908,20.952,15.117,0.90392,0.22447,1.9736,6.2625,4.1748,6.6292,0.18452,0.98731,0.22962,0.91127
269,0.5746399999999999,3.0980000000000003,4.6763,0.50321,1.1572,0.73339,1.2017,1.9971,0.17226,0.000624,0.000958,2.2e-05,0.0,1e-06,0.0,64.668,52.24100000000001,10.462,15.693,20.808000000000003,15.892,1.0923,0.4768600000000001,1.7885,7.2077,4.6677,6.0069,0.15800999999999998,0.99039,0.26471,0.92428
270,0.71715,3.0101,4.186,0.33585,1.0617,0.7572300000000001,1.1745,1.8205,0.16537000000000002,9.8e-05,0.000433,4e-06,0.0,0.0,0.0,65.04,64.515,15.794,17.17,18.216,19.593,0.51886,0.31083,1.189,5.1370000000000005,4.4682,3.6727,0.16309,0.98858,0.23435,0.92122
271,0.58428,2.7494,4.6376,0.66071,1.3322,0.7229300000000001,1.2426,1.9515,0.18007,0.0025280000000000003,0.00137,0.000103,0.0,5e-06,0.0,83.48700000000002,89.465,7.2375,19.511,19.126,16.714000000000002,0.12571,0.052447,2.5477,3.023,2.8389,9.0777,0.14484,0.98807,0.25013,0.92905
272,0.68329,3.1715,4.2885,0.24927,1.0326,0.7582399999999999,1.1587,1.8669,0.16494,2.8000000000000006e-05,0.00034500000000000004,1e-06,0.0,0.0,0.0,64.863,53.151,5.901,15.316,19.458,12.332,0.99038,0.46059,2.7097,7.3237,5.1219,11.255,0.14539000000000002,0.99092,0.27912,0.92972
273,0.63029,3.0587,4.4651,0.436,1.1112,0.74375,1.1943,1.9227,0.16899999999999998,0.000315,0.0007379999999999999,1.9e-05,0.0,0.0,0.0,63.40600000000001,50.04600000000001,5.3673,16.053,21.258000000000006,12.128,0.8438399999999999,0.32105,2.9148,5.6869,4.1917,12.582,0.14015,0.99169,0.2706,0.932
274,0.69748,2.7419,4.2446,0.5454399999999999,1.1931,0.7356699999999999,1.2156,1.8133,0.17257,0.000909,0.0008609999999999999,4e-05,0.0,1e-06,0.0,73.804,71.885,4.1543,17.367,20.224,11.92,0.060823,-0.23281,3.3909,3.3268,3.2496,15.091,0.13908,0.9903,0.24886,0.93245
275,0.72392,3.0674,4.1664,0.3216,1.0561,0.7542399999999999,1.1479,1.8085,0.16598,8.2e-05,0.000461,3e-06,0.0,0.0,0.0,67.482,60.047,12.908,13.942,17.174,15.827,1.1374,0.5092,1.2624,7.0253,5.3709,4.1530000000000005,0.20121,0.98258,0.24754,0.90418
276,0.69655,2.637,4.2475,0.74093,1.489,0.7753,1.1622,1.8335,0.17417,0.004342,0.0,0.0,0.0,0.0,0.0,64.913,58.624,18.158,17.355999999999998,19.095,21.039,0.74212,0.29024,1.0668,5.3093,4.3226,3.4079,0.17103,0.98859,0.2446,0.92191
277,0.83624,2.5274,3.8765,0.74603,1.5017,0.77941,1.105,1.6764,0.17382,0.004492,1e-06,0.0,0.0,0.0,0.0,64.54899999999999,56.038,28.493,15.928,18.684,21.244,0.91909,0.3197,0.4170100000000001,5.8237,4.1808,2.6244,0.19255,0.98585,0.23107,0.91074
278,0.68042,2.766,4.2975,0.72668,1.4557,0.77568,1.1341,1.8596,0.17264000000000002,0.003836,4e-06,0.0,0.0,0.0,0.0,67.848,64.12,15.704,16.602999999999998,17.118,19.919,1.0881,0.7053699999999999,1.3043,6.5018,5.5028,4.1832,0.17686,0.98743,0.24922,0.91964
279,0.75793,2.49,4.0718,0.78709,1.6212,0.7688,1.1261,1.7343,0.18194,0.006666,4.9e-05,6e-06,0.0,0.0,0.0,69.007,58.538,12.674,17.264,19.876,20.281,0.93143,0.48571,1.7539,5.3845,4.5381,5.7810000000000015,0.18583,0.98702,0.24909,0.91827
280,0.8186100000000001,2.6857,3.918,0.64949,1.3152,0.76715,1.1142,1.6999,0.16909000000000002,0.002043,2.6e-05,1e-06,0.0,0.0,0.0,77.638,64.361,27.557,18.958,21.978,26.126,0.51134,0.13460999999999998,0.62058,4.1403,3.7626,2.5069,0.22539,0.98271,0.20171,0.9034
281,0.7640600000000001,2.4964,4.0555,0.76648,1.557,0.77507,1.1462,1.7423,0.17734,0.005441,0.0,0.0,0.0,0.0,0.0,75.005,59.274,11.164,15.974,19.333,18.626,0.77285,0.36162,1.8391,5.0095,4.3805,6.0908,0.1889,0.98713,0.24622,0.91761
282,0.8298700000000001,2.5531,3.8913,0.7520899999999999,1.5173,0.77869,1.0919,1.6803,0.17468,0.004745,3e-06,0.0,0.0,0.0,0.0,62.285,51.667,17.269000000000002,16.165,20.317,20.236,1.0047,0.2569,1.1587,6.0929,4.084,3.9021,0.21804,0.98496,0.22879,0.90231
283,0.82114,2.6345,3.912,0.72165,1.4446,0.77859,1.0902,1.6971,0.17153,0.003647,3.4e-05,1e-06,0.0,0.0,0.0,62.5,47.587,20.731,15.744000000000002,21.129,19.77,1.0388,0.33519,0.75634,6.3815,4.0056,2.9854,0.24469,0.9834,0.21335,0.88923
284,0.74155,2.6839,4.1166,0.70552,1.4111,0.77774,1.1387,1.7886,0.17035,0.003186,1.2e-05,0.0,0.0,0.0,0.0,73.734,65.866,23.39,17.158,18.583,23.752,0.60617,0.30427,0.687,4.5738,4.0678,2.4491,0.17049,0.98746,0.23076,0.9224
285,0.8252799999999999,2.5598,3.9021,0.7429399999999999,1.494,0.77567,1.0984,1.6843,0.17431,0.004415,2.5e-05,1e-06,0.0,0.0,0.0,66.78,56.577,16.537,17.590999999999998,20.517,20.913,0.8505799999999999,0.25184,1.2288,5.3106,4.2132,3.9385,0.21578000000000006,0.98408,0.21947,0.90379
286,0.6928300000000001,2.639,4.2589,0.7665,1.557,0.77361,1.1375,1.828,0.17768,0.005462,2e-06,0.0,0.0,0.0,0.0,74.37100000000002,65.525,24.921,18.479,21.012,25.748,0.59928,0.036829,0.75085,4.0774,3.7784,2.5946,0.20409,0.9842,0.20591,0.90824
287,0.7471,2.634,4.1012,0.7414,1.4902,0.77474,1.1227,1.7696,0.17435,0.004366,7.000000000000002e-06,1e-06,0.0,0.0,0.0,69.047,59.593,11.403,17.639,20.169,18.987,0.5854,0.14748,1.7752,4.5105,3.9509,5.78,0.19157,0.98649,0.23291,0.91575
288,0.77718,2.6447,4.0211,0.69567,1.3921,0.7751600000000001,1.1346,1.7462,0.17015999999999998,0.002951,4e-06,0.0,0.0,0.0,0.0,70.45,65.383,29.44,19.606,20.543000000000006,25.981,0.3276,0.061567,0.41962,3.989,3.6267,2.1135,0.16764,0.98776,0.22048,0.92277
289,0.65433,2.5745,4.3823,0.7986800000000001,1.6618,0.77289,1.1609,1.8659,0.18304,0.007348,2.9e-05,4e-06,0.0,0.0,0.0,72.35300000000002,68.51899999999999,30.567,18.474,19.05,24.834,0.68504,0.35946,0.4286,4.9931,4.4608,2.343,0.18432,0.98644,0.22494,0.91753
290,0.7463,2.6157,4.1034,0.72855,1.4599,0.77642,1.144,1.776,0.17265999999999998,0.003891,2e-06,0.0,0.0,0.0,0.0,70.005,59.355,26.868,17.8,20.688,23.785,0.71104,0.20105,0.5353399999999999,5.2695,4.2197,2.4093,0.1854,0.98697,0.22186,0.91592
291,0.74437,2.5766,4.1088,0.74739,1.5052,0.77674,1.1455,1.7734,0.17457,0.004577,7.000000000000002e-06,0.0,0.0,0.0,0.0,68.65100000000001,59.076,15.746,16.247,18.731,20.48,0.8542700000000001,0.35561,1.2819999999999998,5.4159,4.4058,3.9458,0.16562000000000002,0.98867,0.2515,0.92511
292,0.73583,2.5923,4.1325,0.74233,1.4925,0.7747,1.1485,1.7828,0.17446,0.0044020000000000005,1.2e-05,0.0,0.0,0.0,0.0,70.839,64.672,26.387,16.614,18.136,22.596,0.70331,0.29909,0.5494,5.3818,4.6251,2.5405,0.16598,0.98804,0.23275,0.92294
293,0.7439100000000001,2.592,4.11,0.74583,1.5012,0.77609,1.1401,1.7737,0.17454,0.004522,5e-06,0.0,0.0,0.0,0.0,72.429,64.313,22.188,16.774,18.526,23.224,0.81565,0.31661,0.8495,5.2372,4.3396,2.8965,0.18331,0.98664,0.23015,0.91667
294,0.8012199999999999,2.5398,3.9603,0.78204,1.6045,0.76565,1.0771,1.6853,0.18185,0.006417,1.6e-05,1e-06,0.0,0.0,0.0,70.17399999999999,59.59,17.048,19.433,21.843000000000004,22.241,0.66161,0.25916,1.2285,4.4556,3.9217,3.9511,0.27301,0.97719,0.19258,0.8882
295,0.70211,2.7311,4.2306,0.73235,1.4686,0.7754,1.1256,1.8288,0.17326,0.004031,1e-05,1e-06,0.0,0.0,0.0,68.64,61.67,21.61,18.522,19.921,23.074,0.5925699999999999,0.17589000000000002,0.81794,5.25,4.393,2.7433,0.18225,0.98715,0.22795,0.91893
296,0.7198899999999999,2.6702,4.178,0.7359100000000001,1.4769,0.7755,1.1338,1.8052,0.1736,0.004155,5e-06,0.0,0.0,0.0,0.0,69.331,60.929,14.078,18.284,20.327,20.811,0.5977,0.22499,1.568,4.55,3.9243,5.0078,0.20634,0.9844,0.21892,0.90854
297,0.65349,2.7460000000000004,4.3852,0.7238899999999999,1.4494,0.77481,1.1676,1.8972,0.17257,0.003754,4e-06,0.0,0.0,0.0,0.0,72.32,65.556,32.617,19.707,21.191,25.949,0.4623600000000001,0.14674,0.29094000000000003,3.9734,3.6037,2.11,0.17265999999999998,0.98772,0.22301,0.92099
298,0.82114,2.4976,3.912,0.76867,1.5634,0.77735,1.1045,1.6824,0.17712,0.005516,0.0,0.0,0.0,0.0,0.0,70.634,66.336,25.467,16.368,16.916,21.898000000000003,0.93477,0.53761,0.60963,5.8056,5.0571,2.7941,0.21872,0.98268,0.21481,0.90292
